{"stats":{"minecraft:custom":{"minecraft:time_since_rest":14936,"minecraft:interact_with_furnace":2,"minecraft:sprint_one_cm":45632,"minecraft:damage_taken":945,"minecraft:walk_one_cm":65388,"minecraft:mob_kills":1,"minecraft:drop":4,"minecraft:damage_dealt":170,"minecraft:interact_with_crafting_table":5,"minecraft:fly_one_cm":26773,"minecraft:open_chest":1,"minecraft:crouch_one_cm":3164,"minecraft:play_time":23317,"minecraft:deaths":3,"minecraft:sneak_time":1369,"minecraft:jump":216,"minecraft:leave_game":2,"minecraft:time_since_death":14902,"minecraft:total_world_time":23317,"minecraft:fall_one_cm":3596},"minecraft:used":{"minecraft:oak_log":1,"minecraft:apple":1,"minecraft:cobblestone_stairs":8,"minecraft:stone_pickaxe":66,"minecraft:chest":3,"minecraft:cobblestone_slab":3,"minecraft:stone_axe":19,"minecraft:torch":4,"minecraft:dirt":3,"minecraft:cobblestone":8,"delightful:acorn":2},"minecraft:mined":{"minecraft:furnace":1,"minecraft:iron_ore":2,"minecraft:cobblestone_stairs":1,"butchersdelight:deadsheepblock":2,"gravestone:gravestone":3,"minecraft:oak_log":8,"minecraft:chest":4,"minecraft:dirt":3,"minecraft:lapis_ore":4,"minecraft:stone":55,"minecraft:oak_leaves":7},"minecraft:picked_up":{"minecraft:stick":11,"minecraft:raw_iron":2,"minecraft:oak_door":2,"minecraft:torch":4,"minecraft:gravel":9,"minecraft:flint":2,"minecraft:oak_log":16,"minecraft:cobblestone_stairs":4,"minecraft:lapis_lazuli":27,"minecraft:dirt":14,"butchersdelight:deadsheep":3,"minecraft:apple":1,"delightful:acorn":2,"minecraft:stone_pickaxe":1,"minecraft:cobblestone_slab":2,"minecraft:oak_sapling":22,"minecraft:chest":4,"delightful:green_tea_leaf":1,"minecraft:birch_sapling":4,"minecraft:oak_planks":4,"minecraft:white_wool":1,"minecraft:cobblestone":55,"minecraft:furnace":1},"minecraft:killed_by":{"born_in_chaos_v1:restless_spirit":1,"born_in_chaos_v1:nightmare_stalker":1,"minecraft:pillager":1},"minecraft:crafted":{"minecraft:cobblestone_slab":6,"minecraft:charcoal":2,"minecraft:cobblestone_stairs":4,"minecraft:torch":8},"minecraft:killed":{"minecraft:sheep":1},"minecraft:dropped":{"gravestone:obituary":4}},"DataVersion":3465}