{"stats":{"minecraft:custom":{"minecraft:time_since_rest":26936,"minecraft:interact_with_furnace":9,"minecraft:sprint_one_cm":58931,"minecraft:damage_taken":1030,"minecraft:walk_one_cm":110608,"minecraft:mob_kills":1,"minecraft:drop":4,"minecraft:damage_dealt":170,"minecraft:interact_with_crafting_table":10,"minecraft:fly_one_cm":41606,"minecraft:open_chest":7,"minecraft:crouch_one_cm":7206,"minecraft:play_time":35317,"minecraft:deaths":3,"minecraft:sneak_time":2408,"minecraft:jump":322,"minecraft:leave_game":2,"minecraft:time_since_death":26902,"minecraft:total_world_time":35317,"minecraft:fall_one_cm":5386},"minecraft:used":{"minecraft:oak_log":1,"minecraft:apple":1,"minecraft:cobblestone_stairs":13,"minecraft:stone_pickaxe":72,"minecraft:chest":3,"minecraft:gravel":2,"minecraft:cobblestone_slab":3,"minecraft:stone_axe":49,"minecraft:torch":5,"minecraft:dirt":38,"minecraft:cobblestone":35,"delightful:acorn":5},"minecraft:mined":{"minecraft:furnace":1,"minecraft:birch_log":10,"minecraft:iron_ore":2,"minecraft:cobblestone_stairs":2,"minecraft:birch_leaves":2,"butchersdelight:deadsheepblock":2,"gravestone:gravestone":3,"minecraft:grass_block":23,"minecraft:oak_log":23,"minecraft:chest":4,"minecraft:gravel":2,"minecraft:dirt":3,"minecraft:cobblestone":5,"minecraft:lapis_ore":4,"minecraft:stone":55,"minecraft:oak_leaves":10},"minecraft:picked_up":{"minecraft:birch_log":10,"minecraft:stick":16,"minecraft:raw_iron":2,"minecraft:oak_door":2,"minecraft:torch":4,"minecraft:gravel":11,"minecraft:flint":2,"minecraft:oak_log":31,"minecraft:cobblestone_stairs":4,"minecraft:lapis_lazuli":27,"minecraft:dirt":38,"butchersdelight:deadsheep":3,"minecraft:apple":1,"delightful:acorn":5,"minecraft:stone_pickaxe":1,"minecraft:cobblestone_slab":2,"minecraft:oak_sapling":32,"minecraft:chest":4,"delightful:green_tea_leaf":2,"minecraft:birch_sapling":8,"minecraft:oak_planks":4,"minecraft:white_wool":1,"minecraft:cobblestone":60,"minecraft:furnace":1},"minecraft:broken":{"minecraft:stone_axe":1},"minecraft:killed_by":{"born_in_chaos_v1:restless_spirit":1,"born_in_chaos_v1:nightmare_stalker":1,"minecraft:pillager":1},"minecraft:crafted":{"minecraft:oak_planks":4,"minecraft:cobblestone_slab":6,"minecraft:charcoal":3,"minecraft:shield":1,"minecraft:iron_ingot":2,"minecraft:cobblestone_stairs":12,"minecraft:torch":8,"minecraft:stone_axe":1,"minecraft:air":0},"minecraft:killed":{"minecraft:sheep":1},"minecraft:dropped":{"gravestone:obituary":4}},"DataVersion":3465}