{"stats":{"minecraft:custom":{"minecraft:mob_kills":10,"minecraft:interact_with_crafting_table":31,"minecraft:damage_dealt_resisted":20,"minecraft:leave_game":5,"minecraft:time_since_death":87091,"minecraft:climb_one_cm":176,"minecraft:sprint_one_cm":197086,"minecraft:walk_one_cm":406730,"minecraft:drop":10,"minecraft:talked_to_villager":1,"minecraft:play_time":138510,"minecraft:deaths":4,"minecraft:sneak_time":8512,"minecraft:walk_under_water_one_cm":2518,"minecraft:jump":1704,"minecraft:walk_on_water_one_cm":12038,"minecraft:total_world_time":138510,"minecraft:interact_with_furnace":44,"minecraft:sleep_in_bed":4,"minecraft:time_since_rest":4248,"minecraft:damage_taken":2209,"minecraft:damage_dealt":2001,"minecraft:swim_one_cm":2884,"minecraft:fly_one_cm":262122,"minecraft:open_chest":21,"minecraft:crouch_one_cm":22592,"minecraft:fall_one_cm":37920},"minecraft:used":{"minecraft:stone_sword":7,"minecraft:chest":3,"butchersdelightfoods:cooked_leg_cow":1,"minecraft:oak_door":3,"minecraft:torch":18,"minecraft:dirt":43,"mcwfences:wooden_cheval_de_frise":4,"delightful:bone_knife":2,"biomesoplenty:jacaranda_log":2,"minecraft:furnace":8,"biomesoplenty:black_sand":8,"minecraft:cooked_mutton":1,"minecraft:diorite":4,"minecraft:cobblestone_stairs":17,"butchersdelightfoods:coockedbeeftenderloin":1,"minecraft:birch_planks":90,"minecraft:stone_pickaxe":220,"minecraft:cobblestone_slab":8,"minecraft:crafting_table":6,"minecraft:white_bed":5,"biomesoplenty:jacaranda_planks":15,"minecraft:oak_log":2,"minecraft:apple":2,"minecraft:melon_slice":9,"minecraft:iron_pickaxe":19,"minecraft:gravel":13,"minecraft:stone_axe":172,"butchersdelightfoods:cookedsheeprack":1,"minecraft:cobblestone":55,"minecraft:cooked_porkchop":4,"delightful:acorn":5,"butchersdelightfoods:cooked_sheeploin":2},"minecraft:mined":{"minecraft:white_bed":5,"minecraft:oak_sapling":1,"minecraft:mossy_cobblestone":1,"minecraft:oak_door":2,"minecraft:cobblestone_stairs":3,"butchersdelight:deadsheepblock":2,"gravestone:gravestone":4,"minecraft:grass_block":28,"butchersdelight:deadpigblock":1,"minecraft:large_fern":2,"minecraft:furnace":7,"minecraft:iron_ore":22,"biomesoplenty:lavender":1,"minecraft:big_dripleaf_stem":1,"minecraft:stone":91,"biomesoplenty:jacaranda_planks":1,"biomesoplenty:black_sand":8,"minecraft:dandelion":1,"minecraft:crafting_table":5,"minecraft:emerald_ore":4,"minecraft:chest":4,"minecraft:cobblestone":9,"minecraft:tall_grass":2,"biomesoplenty:sprout":1,"minecraft:lapis_ore":4,"minecraft:sugar_cane":2,"minecraft:diorite":5,"minecraft:big_dripleaf":2,"minecraft:birch_planks":2,"minecraft:birch_log":22,"minecraft:birch_leaves":4,"minecraft:grass":86,"biomesoplenty:clover":1,"minecraft:oak_log":35,"minecraft:coal_ore":64,"delightful:mini_melon":3,"minecraft:gravel":7,"minecraft:dirt":12,"minecraft:oak_leaves":33,"minecraft:fern":17},"minecraft:picked_up":{"minecraft:crafting_table":5,"butchersdelightfoods:legcow":1,"minecraft:lead":1,"minecraft:string":1,"butchersdelight:dead_cow":2,"butchersdelightfoods:sheeploin":2,"biomesoplenty:black_sand":8,"delightful:acorn":5,"delightful:bone_knife":1,"minecraft:cobblestone_slab":2,"delightful:green_tea_leaf":3,"minecraft:sugar_cane":2,"minecraft:chest":4,"minecraft:birch_sapling":11,"minecraft:egg":2,"minecraft:furnace":8,"minecraft:stick":26,"minecraft:raw_iron":22,"minecraft:oak_door":5,"minecraft:big_dripleaf":6,"minecraft:torch":5,"sophisticatedbackpacks:backpack":1,"minecraft:porkchop":4,"minecraft:diorite":4,"butchersdelight:deadsheep":6,"minecraft:rotten_flesh":2,"biomesoplenty:jacaranda_log":7,"butchersdelightfoods:sheeprack":1,"minecraft:mutton":2,"minecraft:white_wool":4,"minecraft:cobblestone":103,"biomesoplenty:lavender":1,"minecraft:birch_log":22,"butchersdelightfoods:beeftenderloin":1,"minecraft:birch_planks":2,"minecraft:flint":4,"butchersdelight:deadpig":5,"minecraft:oak_log":47,"biomesoplenty:jacaranda_planks":1,"minecraft:cobblestone_stairs":5,"minecraft:lapis_lazuli":27,"minecraft:dirt":52,"minecraft:apple":2,"delightful:mini_melon":3,"minecraft:wheat_seeds":14,"minecraft:stone_pickaxe":1,"minecraft:oak_planks":4,"minecraft:dandelion":1,"butchersdelight:cow_hide":2,"minecraft:gravel":14,"minecraft:white_bed":5,"minecraft:mossy_cobblestone":1,"butchersdelight:sheephide":4,"minecraft:emerald":4,"minecraft:oak_sapling":39,"minecraft:coal":244},"minecraft:broken":{"minecraft:stone_pickaxe":1,"minecraft:stone_axe":2},"minecraft:killed":{"born_in_chaos_v1:baby_spider":2,"minecraft:sheep":4,"minecraft:zombie":2},"minecraft:killed_by":{"born_in_chaos_v1:restless_spirit":1,"born_in_chaos_v1:nightmare_stalker":1,"minecraft:pillager":1,"minecraft:skeleton":1},"minecraft:crafted":{"minecraft:oak_planks":20,"minecraft:cobblestone_slab":6,"delightful:bone_knife":1,"minecraft:melon_slice":9,"minecraft:furnace":1,"minecraft:cobblestone_stairs":12,"butchersdelightfoods:cooked_leg_cow":1,"minecraft:cooked_mutton":1,"mcwfences:wooden_cheval_de_frise":4,"minecraft:iron_boots":1,"minecraft:stone_pickaxe":2,"biomesoplenty:jacaranda_planks":20,"minecraft:cooked_porkchop":4,"minecraft:crafting_table":2,"minecraft:birch_planks":88,"minecraft:stone_axe":2,"butchersdelightfoods:cookedsheeprack":1,"butchersdelightfoods:coockedbeeftenderloin":1,"minecraft:air":0,"minecraft:iron_chestplate":1,"minecraft:charcoal":3,"minecraft:shield":1,"minecraft:stick":8,"butchersdelightfoods:cooked_sheeploin":2,"minecraft:iron_ingot":18,"minecraft:iron_pickaxe":1,"minecraft:stone_sword":1,"minecraft:white_bed":1,"minecraft:torch":20},"minecraft:dropped":{"minecraft:iron_ingot":1,"minecraft:oak_log":19,"butchersdelight:sheephide":3,"minecraft:stick":1,"gravestone:obituary":5,"minecraft:white_wool":1}},"DataVersion":3465}