{"stats":{"minecraft:custom":{"minecraft:interact_with_furnace":29,"minecraft:mob_kills":7,"minecraft:interact_with_crafting_table":20,"minecraft:sleep_in_bed":1,"minecraft:time_since_death":51091,"minecraft:leave_game":5,"minecraft:climb_one_cm":176,"minecraft:time_since_rest":11684,"minecraft:sprint_one_cm":166359,"minecraft:damage_taken":1680,"minecraft:walk_one_cm":321561,"minecraft:drop":7,"minecraft:damage_dealt":1576,"minecraft:swim_one_cm":1770,"minecraft:fly_one_cm":211625,"minecraft:open_chest":21,"minecraft:crouch_one_cm":16239,"minecraft:play_time":102510,"minecraft:deaths":4,"minecraft:sneak_time":5671,"minecraft:walk_under_water_one_cm":1011,"minecraft:jump":1255,"minecraft:walk_on_water_one_cm":10067,"minecraft:total_world_time":102510,"minecraft:fall_one_cm":23486},"minecraft:used":{"minecraft:diorite":4,"butchersdelightfoods:coockedbeeftenderloin":1,"minecraft:cobblestone_stairs":17,"minecraft:birch_planks":17,"minecraft:stone_pickaxe":165,"minecraft:chest":3,"minecraft:cobblestone_slab":8,"butchersdelightfoods:cooked_leg_cow":1,"minecraft:oak_door":3,"minecraft:torch":16,"minecraft:dirt":42,"minecraft:crafting_table":3,"mcwfences:wooden_cheval_de_frise":4,"minecraft:white_bed":1,"minecraft:oak_log":2,"minecraft:apple":2,"delightful:bone_knife":1,"minecraft:gravel":11,"minecraft:stone_axe":134,"butchersdelightfoods:cookedsheeprack":1,"minecraft:cobblestone":43,"minecraft:furnace":4,"minecraft:cooked_porkchop":3,"butchersdelightfoods:cooked_sheeploin":1,"delightful:acorn":5,"biomesoplenty:black_sand":8},"minecraft:mined":{"minecraft:white_bed":1,"minecraft:oak_sapling":1,"minecraft:oak_door":2,"minecraft:cobblestone_stairs":3,"biomesoplenty:black_sand":8,"minecraft:crafting_table":3,"butchersdelight:deadsheepblock":2,"gravestone:gravestone":4,"minecraft:grass_block":26,"minecraft:chest":4,"biomesoplenty:sprout":1,"minecraft:tall_grass":2,"minecraft:cobblestone":8,"minecraft:sugar_cane":2,"minecraft:lapis_ore":4,"butchersdelight:deadpigblock":1,"minecraft:diorite":5,"minecraft:furnace":4,"minecraft:birch_log":22,"minecraft:iron_ore":2,"biomesoplenty:lavender":1,"minecraft:birch_leaves":4,"minecraft:coal_ore":48,"biomesoplenty:clover":1,"minecraft:grass":69,"delightful:mini_melon":3,"minecraft:oak_log":35,"minecraft:gravel":2,"minecraft:dirt":4,"minecraft:stone":73,"minecraft:oak_leaves":33,"minecraft:fern":10},"minecraft:picked_up":{"biomesoplenty:lavender":1,"minecraft:birch_log":22,"minecraft:crafting_table":3,"butchersdelightfoods:beeftenderloin":1,"butchersdelightfoods:legcow":1,"butchersdelight:deadpig":5,"minecraft:flint":2,"minecraft:oak_log":47,"minecraft:cobblestone_stairs":5,"minecraft:lapis_lazuli":27,"minecraft:dirt":42,"butchersdelight:dead_cow":2,"minecraft:apple":2,"butchersdelightfoods:sheeploin":1,"delightful:mini_melon":3,"minecraft:wheat_seeds":12,"biomesoplenty:black_sand":8,"delightful:acorn":5,"minecraft:stone_pickaxe":1,"delightful:bone_knife":1,"minecraft:cobblestone_slab":2,"minecraft:sugar_cane":2,"delightful:green_tea_leaf":3,"minecraft:chest":4,"minecraft:birch_sapling":11,"minecraft:oak_planks":4,"minecraft:furnace":4,"minecraft:egg":2,"minecraft:stick":26,"minecraft:raw_iron":2,"minecraft:oak_door":5,"minecraft:torch":4,"minecraft:gravel":11,"butchersdelight:cow_hide":2,"minecraft:porkchop":3,"minecraft:diorite":4,"minecraft:white_bed":1,"butchersdelight:sheephide":3,"butchersdelight:deadsheep":6,"biomesoplenty:jacaranda_log":7,"butchersdelightfoods:sheeprack":1,"minecraft:oak_sapling":39,"minecraft:coal":48,"minecraft:mutton":1,"minecraft:white_wool":4,"minecraft:cobblestone":81},"minecraft:killed":{"minecraft:sheep":4,"minecraft:zombie":2},"minecraft:killed_by":{"born_in_chaos_v1:restless_spirit":1,"born_in_chaos_v1:nightmare_stalker":1,"minecraft:skeleton":1,"minecraft:pillager":1},"minecraft:crafted":{"minecraft:oak_planks":12,"minecraft:cobblestone_slab":6,"minecraft:cooked_porkchop":3,"delightful:bone_knife":1,"minecraft:crafting_table":1,"minecraft:furnace":1,"minecraft:cobblestone_stairs":12,"minecraft:birch_planks":88,"minecraft:stone_axe":1,"butchersdelightfoods:cooked_leg_cow":1,"butchersdelightfoods:cookedsheeprack":1,"butchersdelightfoods:coockedbeeftenderloin":1,"minecraft:air":0,"mcwfences:wooden_cheval_de_frise":4,"minecraft:charcoal":3,"minecraft:shield":1,"minecraft:iron_ingot":2,"butchersdelightfoods:cooked_sheeploin":1,"minecraft:stone_pickaxe":2,"minecraft:white_bed":1,"minecraft:torch":20},"minecraft:broken":{"minecraft:stone_pickaxe":1,"minecraft:stone_axe":1},"minecraft:dropped":{"minecraft:iron_ingot":1,"minecraft:oak_log":19,"gravestone:obituary":5}},"DataVersion":3465}