{"stats":{"minecraft:custom":{"minecraft:interact_with_furnace":38,"minecraft:mob_kills":7,"minecraft:interact_with_crafting_table":25,"minecraft:sleep_in_bed":2,"minecraft:time_since_death":63091,"minecraft:leave_game":5,"minecraft:climb_one_cm":176,"minecraft:time_since_rest":7964,"minecraft:sprint_one_cm":169253,"minecraft:damage_taken":1890,"minecraft:walk_one_cm":341277,"minecraft:drop":7,"minecraft:damage_dealt":1613,"minecraft:swim_one_cm":1770,"minecraft:fly_one_cm":216027,"minecraft:open_chest":21,"minecraft:crouch_one_cm":21307,"minecraft:play_time":114510,"minecraft:deaths":4,"minecraft:sneak_time":8021,"minecraft:walk_under_water_one_cm":1011,"minecraft:jump":1341,"minecraft:walk_on_water_one_cm":10067,"minecraft:total_world_time":114510,"minecraft:fall_one_cm":27117},"minecraft:used":{"minecraft:cooked_mutton":1,"minecraft:diorite":4,"butchersdelightfoods:coockedbeeftenderloin":1,"minecraft:cobblestone_stairs":17,"minecraft:birch_planks":74,"minecraft:stone_pickaxe":193,"minecraft:chest":3,"minecraft:cobblestone_slab":8,"butchersdelightfoods:cooked_leg_cow":1,"minecraft:oak_door":3,"minecraft:torch":17,"minecraft:dirt":42,"minecraft:crafting_table":4,"mcwfences:wooden_cheval_de_frise":4,"minecraft:white_bed":3,"minecraft:oak_log":2,"minecraft:apple":2,"minecraft:melon_slice":2,"delightful:bone_knife":1,"minecraft:gravel":13,"minecraft:stone_axe":139,"butchersdelightfoods:cookedsheeprack":1,"minecraft:cobblestone":49,"minecraft:furnace":6,"minecraft:cooked_porkchop":3,"butchersdelightfoods:cooked_sheeploin":1,"delightful:acorn":5,"biomesoplenty:black_sand":8},"minecraft:mined":{"minecraft:white_bed":3,"minecraft:oak_sapling":1,"minecraft:mossy_cobblestone":1,"minecraft:oak_door":2,"minecraft:cobblestone_stairs":3,"biomesoplenty:black_sand":8,"minecraft:crafting_table":3,"butchersdelight:deadsheepblock":2,"gravestone:gravestone":4,"minecraft:grass_block":27,"minecraft:chest":4,"biomesoplenty:sprout":1,"minecraft:tall_grass":2,"minecraft:cobblestone":8,"minecraft:sugar_cane":2,"minecraft:lapis_ore":4,"butchersdelight:deadpigblock":1,"minecraft:diorite":5,"minecraft:birch_planks":2,"minecraft:furnace":4,"minecraft:birch_log":22,"minecraft:iron_ore":15,"biomesoplenty:lavender":1,"minecraft:birch_leaves":4,"minecraft:coal_ore":48,"biomesoplenty:clover":1,"minecraft:grass":71,"delightful:mini_melon":3,"minecraft:oak_log":35,"minecraft:gravel":5,"minecraft:dirt":4,"minecraft:stone":84,"minecraft:oak_leaves":33,"minecraft:fern":10},"minecraft:picked_up":{"biomesoplenty:lavender":1,"minecraft:birch_log":22,"minecraft:crafting_table":3,"butchersdelightfoods:beeftenderloin":1,"butchersdelightfoods:legcow":1,"minecraft:birch_planks":2,"butchersdelight:deadpig":5,"minecraft:flint":3,"minecraft:oak_log":47,"minecraft:cobblestone_stairs":5,"minecraft:lapis_lazuli":27,"minecraft:dirt":43,"butchersdelight:dead_cow":2,"minecraft:apple":2,"butchersdelightfoods:sheeploin":1,"delightful:mini_melon":3,"minecraft:wheat_seeds":12,"biomesoplenty:black_sand":8,"delightful:acorn":5,"minecraft:stone_pickaxe":1,"delightful:bone_knife":1,"minecraft:cobblestone_slab":2,"minecraft:sugar_cane":2,"delightful:green_tea_leaf":3,"minecraft:chest":4,"minecraft:birch_sapling":11,"minecraft:oak_planks":4,"minecraft:furnace":5,"minecraft:egg":2,"minecraft:stick":26,"minecraft:raw_iron":15,"minecraft:oak_door":5,"minecraft:torch":4,"minecraft:gravel":13,"butchersdelight:cow_hide":2,"minecraft:porkchop":3,"minecraft:diorite":4,"minecraft:white_bed":3,"minecraft:mossy_cobblestone":1,"butchersdelight:sheephide":3,"butchersdelight:deadsheep":6,"biomesoplenty:jacaranda_log":7,"butchersdelightfoods:sheeprack":1,"minecraft:oak_sapling":39,"minecraft:coal":92,"minecraft:mutton":2,"minecraft:white_wool":4,"minecraft:cobblestone":95},"minecraft:killed":{"minecraft:sheep":4,"minecraft:zombie":2},"minecraft:killed_by":{"born_in_chaos_v1:restless_spirit":1,"born_in_chaos_v1:nightmare_stalker":1,"minecraft:skeleton":1,"minecraft:pillager":1},"minecraft:crafted":{"minecraft:oak_planks":12,"minecraft:cobblestone_slab":6,"minecraft:cooked_porkchop":3,"delightful:bone_knife":1,"minecraft:crafting_table":1,"minecraft:melon_slice":9,"minecraft:furnace":1,"minecraft:cobblestone_stairs":12,"minecraft:birch_planks":88,"minecraft:stone_axe":1,"butchersdelightfoods:cooked_leg_cow":1,"butchersdelightfoods:cookedsheeprack":1,"butchersdelightfoods:coockedbeeftenderloin":1,"minecraft:cooked_mutton":1,"minecraft:air":0,"minecraft:iron_boots":1,"minecraft:iron_chestplate":1,"mcwfences:wooden_cheval_de_frise":4,"minecraft:charcoal":3,"minecraft:shield":1,"minecraft:iron_ingot":15,"butchersdelightfoods:cooked_sheeploin":1,"minecraft:stone_pickaxe":2,"minecraft:white_bed":1,"minecraft:torch":20},"minecraft:broken":{"minecraft:stone_pickaxe":1,"minecraft:stone_axe":2},"minecraft:dropped":{"minecraft:iron_ingot":1,"minecraft:oak_log":19,"gravestone:obituary":5}},"DataVersion":3465}