{"stats":{"minecraft:custom":{"minecraft:interact_with_furnace":15,"minecraft:mob_kills":4,"minecraft:interact_with_crafting_table":13,"minecraft:time_since_death":7898,"minecraft:leave_game":2,"minecraft:time_since_rest":7928,"minecraft:sprint_one_cm":96837,"minecraft:damage_taken":1480,"minecraft:walk_one_cm":203652,"minecraft:drop":7,"minecraft:damage_dealt":936,"minecraft:fly_one_cm":79502,"minecraft:open_chest":12,"minecraft:crouch_one_cm":12362,"minecraft:play_time":59317,"minecraft:deaths":4,"minecraft:sneak_time":4432,"minecraft:jump":619,"minecraft:walk_on_water_one_cm":900,"minecraft:total_world_time":59317,"minecraft:fall_one_cm":8850},"minecraft:used":{"minecraft:diorite":4,"minecraft:cobblestone_stairs":17,"minecraft:stone_pickaxe":93,"minecraft:chest":3,"minecraft:cobblestone_slab":8,"minecraft:oak_door":2,"minecraft:torch":12,"minecraft:dirt":40,"minecraft:oak_log":1,"minecraft:apple":2,"delightful:bone_knife":1,"minecraft:gravel":2,"minecraft:stone_axe":108,"minecraft:cobblestone":38,"minecraft:furnace":1,"minecraft:cooked_porkchop":2,"delightful:acorn":5},"minecraft:mined":{"minecraft:oak_sapling":1,"minecraft:oak_door":2,"minecraft:cobblestone_stairs":3,"butchersdelight:deadsheepblock":2,"gravestone:gravestone":4,"minecraft:grass_block":25,"minecraft:chest":4,"minecraft:cobblestone":7,"minecraft:lapis_ore":4,"butchersdelight:deadpigblock":1,"minecraft:diorite":5,"minecraft:furnace":1,"minecraft:birch_log":22,"minecraft:iron_ore":2,"minecraft:birch_leaves":4,"minecraft:grass":1,"minecraft:oak_log":31,"minecraft:gravel":2,"minecraft:dirt":3,"minecraft:stone":68,"minecraft:oak_leaves":31},"minecraft:picked_up":{"minecraft:birch_log":22,"minecraft:flint":2,"butchersdelight:deadpig":3,"minecraft:oak_log":43,"minecraft:cobblestone_stairs":5,"minecraft:dirt":40,"minecraft:lapis_lazuli":27,"minecraft:apple":2,"delightful:acorn":5,"minecraft:stone_pickaxe":1,"delightful:bone_knife":1,"minecraft:cobblestone_slab":2,"delightful:green_tea_leaf":3,"minecraft:chest":4,"minecraft:birch_sapling":11,"minecraft:oak_planks":4,"minecraft:furnace":1,"minecraft:stick":25,"minecraft:raw_iron":2,"minecraft:oak_door":4,"minecraft:torch":4,"minecraft:gravel":11,"minecraft:porkchop":2,"minecraft:diorite":4,"butchersdelight:deadsheep":3,"minecraft:oak_sapling":38,"minecraft:white_wool":1,"minecraft:cobblestone":75},"minecraft:killed":{"minecraft:sheep":1,"minecraft:zombie":2},"minecraft:broken":{"minecraft:stone_axe":1},"minecraft:killed_by":{"born_in_chaos_v1:restless_spirit":1,"born_in_chaos_v1:nightmare_stalker":1,"minecraft:skeleton":1,"minecraft:pillager":1},"minecraft:crafted":{"minecraft:oak_planks":4,"minecraft:cobblestone_slab":6,"minecraft:cooked_porkchop":2,"minecraft:cobblestone_stairs":12,"minecraft:stone_axe":1,"minecraft:air":0,"minecraft:charcoal":3,"minecraft:shield":1,"minecraft:iron_ingot":2,"minecraft:torch":8},"minecraft:dropped":{"minecraft:iron_ingot":1,"minecraft:oak_log":19,"gravestone:obituary":5}},"DataVersion":3465}