{"stats":{"minecraft:custom":{"minecraft:jump":46,"minecraft:time_since_rest":2007,"minecraft:damage_dealt":80,"minecraft:damage_taken":765,"minecraft:crouch_one_cm":81,"minecraft:leave_game":2,"minecraft:sprint_one_cm":16804,"minecraft:play_time":5437,"minecraft:walk_one_cm":4803,"minecraft:time_since_death":1977,"minecraft:deaths":2,"minecraft:sneak_time":42,"minecraft:total_world_time":5437,"minecraft:mob_kills":1,"minecraft:drop":2,"minecraft:fall_one_cm":687,"minecraft:fly_one_cm":7854},"minecraft:mined":{"gravestone:gravestone":1},"minecraft:picked_up":{"butchersdelight:deadsheep":1,"minecraft:white_wool":1},"minecraft:killed_by":{"born_in_chaos_v1:restless_spirit":1,"born_in_chaos_v1:nightmare_stalker":1},"minecraft:killed":{"minecraft:sheep":1},"minecraft:dropped":{"gravestone:obituary":2}},"DataVersion":3465}