{"stats":{"minecraft:custom":{"minecraft:interact_with_furnace":27,"minecraft:mob_kills":7,"minecraft:interact_with_crafting_table":19,"minecraft:sleep_in_bed":1,"minecraft:time_since_death":39091,"minecraft:leave_game":5,"minecraft:climb_one_cm":176,"minecraft:time_since_rest":0,"minecraft:sprint_one_cm":155445,"minecraft:damage_taken":1680,"minecraft:walk_one_cm":279367,"minecraft:drop":7,"minecraft:damage_dealt":1476,"minecraft:swim_one_cm":1770,"minecraft:fly_one_cm":198700,"minecraft:open_chest":21,"minecraft:crouch_one_cm":13376,"minecraft:play_time":90510,"minecraft:deaths":4,"minecraft:sneak_time":4865,"minecraft:walk_under_water_one_cm":584,"minecraft:jump":1090,"minecraft:walk_on_water_one_cm":2057,"minecraft:total_world_time":90510,"minecraft:fall_one_cm":21901},"minecraft:used":{"minecraft:diorite":4,"butchersdelightfoods:coockedbeeftenderloin":1,"minecraft:cobblestone_stairs":17,"minecraft:stone_pickaxe":95,"minecraft:chest":3,"minecraft:cobblestone_slab":8,"butchersdelightfoods:cooked_leg_cow":1,"minecraft:oak_door":3,"minecraft:torch":12,"minecraft:dirt":42,"minecraft:crafting_table":2,"mcwfences:wooden_cheval_de_frise":4,"minecraft:white_bed":1,"minecraft:oak_log":2,"minecraft:apple":2,"delightful:bone_knife":1,"minecraft:gravel":7,"minecraft:stone_axe":129,"butchersdelightfoods:cookedsheeprack":1,"minecraft:cobblestone":38,"minecraft:furnace":4,"minecraft:cooked_porkchop":3,"butchersdelightfoods:cooked_sheeploin":1,"delightful:acorn":5},"minecraft:mined":{"minecraft:oak_sapling":1,"minecraft:oak_door":2,"minecraft:cobblestone_stairs":3,"minecraft:crafting_table":1,"butchersdelight:deadsheepblock":2,"gravestone:gravestone":4,"minecraft:grass_block":26,"minecraft:chest":4,"minecraft:tall_grass":2,"minecraft:cobblestone":7,"minecraft:sugar_cane":2,"minecraft:lapis_ore":4,"butchersdelight:deadpigblock":1,"minecraft:diorite":5,"minecraft:furnace":3,"minecraft:birch_log":22,"minecraft:iron_ore":2,"biomesoplenty:lavender":1,"minecraft:birch_leaves":4,"biomesoplenty:clover":1,"minecraft:grass":64,"delightful:mini_melon":3,"minecraft:oak_log":35,"minecraft:gravel":2,"minecraft:dirt":4,"minecraft:stone":68,"minecraft:oak_leaves":33,"minecraft:fern":9},"minecraft:picked_up":{"biomesoplenty:lavender":1,"minecraft:birch_log":22,"minecraft:crafting_table":1,"butchersdelightfoods:beeftenderloin":1,"butchersdelightfoods:legcow":1,"butchersdelight:deadpig":4,"minecraft:flint":2,"minecraft:oak_log":47,"minecraft:cobblestone_stairs":5,"minecraft:lapis_lazuli":27,"minecraft:dirt":42,"butchersdelight:dead_cow":2,"minecraft:apple":2,"butchersdelightfoods:sheeploin":1,"delightful:mini_melon":3,"minecraft:wheat_seeds":10,"delightful:acorn":5,"minecraft:stone_pickaxe":1,"delightful:bone_knife":1,"minecraft:cobblestone_slab":2,"minecraft:sugar_cane":2,"delightful:green_tea_leaf":3,"minecraft:chest":4,"minecraft:birch_sapling":11,"minecraft:oak_planks":4,"minecraft:furnace":3,"minecraft:egg":2,"minecraft:stick":26,"minecraft:raw_iron":2,"minecraft:oak_door":5,"minecraft:torch":4,"minecraft:gravel":11,"butchersdelight:cow_hide":2,"minecraft:porkchop":3,"minecraft:diorite":4,"butchersdelight:sheephide":3,"butchersdelight:deadsheep":6,"butchersdelightfoods:sheeprack":1,"minecraft:oak_sapling":39,"minecraft:mutton":1,"minecraft:white_wool":4,"minecraft:cobblestone":75},"minecraft:killed":{"minecraft:sheep":4,"minecraft:zombie":2},"minecraft:broken":{"minecraft:stone_axe":1},"minecraft:killed_by":{"born_in_chaos_v1:restless_spirit":1,"born_in_chaos_v1:nightmare_stalker":1,"minecraft:skeleton":1,"minecraft:pillager":1},"minecraft:crafted":{"minecraft:oak_planks":12,"minecraft:cobblestone_slab":6,"minecraft:cooked_porkchop":3,"delightful:bone_knife":1,"minecraft:crafting_table":1,"minecraft:furnace":1,"minecraft:cobblestone_stairs":12,"minecraft:stone_axe":1,"butchersdelightfoods:cooked_leg_cow":1,"butchersdelightfoods:cookedsheeprack":1,"butchersdelightfoods:coockedbeeftenderloin":1,"minecraft:air":0,"mcwfences:wooden_cheval_de_frise":4,"minecraft:charcoal":3,"minecraft:shield":1,"minecraft:iron_ingot":2,"butchersdelightfoods:cooked_sheeploin":1,"minecraft:white_bed":1,"minecraft:torch":8},"minecraft:dropped":{"minecraft:iron_ingot":1,"minecraft:oak_log":19,"gravestone:obituary":5}},"DataVersion":3465}