{"stats":{"minecraft:custom":{"minecraft:interact_with_furnace":14,"minecraft:mob_kills":1,"minecraft:interact_with_crafting_table":12,"minecraft:time_since_death":38902,"minecraft:leave_game":2,"minecraft:time_since_rest":38936,"minecraft:sprint_one_cm":79763,"minecraft:damage_taken":1030,"minecraft:walk_one_cm":156685,"minecraft:drop":4,"minecraft:damage_dealt":370,"minecraft:fly_one_cm":67833,"minecraft:open_chest":11,"minecraft:crouch_one_cm":9451,"minecraft:play_time":47317,"minecraft:deaths":3,"minecraft:sneak_time":3000,"minecraft:jump":461,"minecraft:walk_on_water_one_cm":566,"minecraft:total_world_time":47317,"minecraft:fall_one_cm":7267},"minecraft:used":{"minecraft:cobblestone_stairs":16,"minecraft:stone_pickaxe":73,"minecraft:chest":3,"minecraft:cobblestone_slab":7,"minecraft:torch":11,"minecraft:dirt":38,"minecraft:oak_log":1,"minecraft:apple":2,"delightful:bone_knife":1,"minecraft:gravel":2,"minecraft:stone_axe":87,"minecraft:cobblestone":35,"minecraft:furnace":1,"minecraft:cooked_porkchop":2,"delightful:acorn":5},"minecraft:mined":{"minecraft:oak_sapling":1,"minecraft:cobblestone_stairs":3,"butchersdelight:deadsheepblock":2,"gravestone:gravestone":3,"minecraft:grass_block":25,"minecraft:chest":4,"minecraft:cobblestone":5,"minecraft:lapis_ore":4,"butchersdelight:deadpigblock":1,"minecraft:furnace":1,"minecraft:birch_log":15,"minecraft:iron_ore":2,"minecraft:birch_leaves":3,"minecraft:grass":1,"minecraft:oak_log":31,"minecraft:gravel":2,"minecraft:dirt":3,"minecraft:stone":55,"minecraft:oak_leaves":28},"minecraft:picked_up":{"minecraft:birch_log":15,"minecraft:flint":2,"butchersdelight:deadpig":3,"minecraft:oak_log":43,"minecraft:cobblestone_stairs":5,"minecraft:dirt":40,"minecraft:lapis_lazuli":27,"minecraft:apple":2,"delightful:acorn":5,"minecraft:stone_pickaxe":1,"delightful:bone_knife":1,"minecraft:cobblestone_slab":2,"delightful:green_tea_leaf":3,"minecraft:chest":4,"minecraft:birch_sapling":9,"minecraft:oak_planks":4,"minecraft:furnace":1,"minecraft:stick":25,"minecraft:raw_iron":2,"minecraft:oak_door":2,"minecraft:torch":4,"minecraft:gravel":11,"minecraft:porkchop":2,"butchersdelight:deadsheep":3,"minecraft:oak_sapling":37,"minecraft:white_wool":1,"minecraft:cobblestone":60},"minecraft:killed":{"minecraft:sheep":1},"minecraft:broken":{"minecraft:stone_axe":1},"minecraft:killed_by":{"born_in_chaos_v1:restless_spirit":1,"born_in_chaos_v1:nightmare_stalker":1,"minecraft:pillager":1},"minecraft:crafted":{"minecraft:oak_planks":4,"minecraft:cobblestone_slab":6,"minecraft:cooked_porkchop":2,"minecraft:cobblestone_stairs":12,"minecraft:stone_axe":1,"minecraft:air":0,"minecraft:charcoal":3,"minecraft:shield":1,"minecraft:iron_ingot":2,"minecraft:torch":8},"minecraft:dropped":{"gravestone:obituary":4}},"DataVersion":3465}