{"stats":{"minecraft:custom":{"minecraft:mob_kills":14,"minecraft:interact_with_crafting_table":34,"minecraft:damage_dealt_resisted":20,"minecraft:leave_game":5,"minecraft:time_since_death":47635,"minecraft:climb_one_cm":610,"minecraft:sprint_one_cm":297640,"minecraft:walk_one_cm":544807,"minecraft:drop":11,"minecraft:talked_to_villager":9,"minecraft:play_time":186510,"minecraft:deaths":5,"minecraft:sneak_time":10682,"minecraft:walk_under_water_one_cm":3404,"minecraft:jump":2349,"minecraft:walk_on_water_one_cm":14241,"minecraft:total_world_time":186510,"minecraft:interact_with_furnace":46,"minecraft:traded_with_villager":4,"minecraft:sleep_in_bed":8,"minecraft:time_since_rest":9834,"minecraft:damage_taken":2616,"minecraft:damage_dealt":2681,"minecraft:swim_one_cm":9583,"minecraft:fly_one_cm":423859,"minecraft:open_chest":32,"minecraft:crouch_one_cm":30586,"minecraft:fall_one_cm":59547},"minecraft:used":{"minecraft:stone_sword":7,"minecraft:iron_shovel":104,"minecraft:chest":4,"butchersdelightfoods:cooked_leg_cow":1,"minecraft:oak_door":3,"minecraft:torch":38,"minecraft:dirt":52,"mcwfences:wooden_cheval_de_frise":4,"delightful:bone_knife":25,"biomesoplenty:jacaranda_log":2,"minecraft:furnace":9,"biomesoplenty:black_sand":8,"minecraft:cooked_mutton":1,"minecraft:diorite":4,"minecraft:cobblestone_stairs":17,"butchersdelightfoods:coockedbeeftenderloin":1,"minecraft:birch_planks":90,"minecraft:stone_pickaxe":220,"minecraft:cobblestone_slab":8,"minecraft:crafting_table":8,"minecraft:white_bed":9,"biomesoplenty:jacaranda_planks":15,"minecraft:oak_log":2,"minecraft:apple":2,"minecraft:bread":3,"minecraft:melon_slice":21,"minecraft:iron_pickaxe":32,"minecraft:gravel":13,"minecraft:stone_axe":195,"butchersdelightfoods:cookedsheeprack":1,"minecraft:cobblestone":55,"minecraft:cooked_porkchop":4,"delightful:acorn":5,"butchersdelightfoods:cooked_sheeploin":2},"minecraft:mined":{"minecraft:white_bed":7,"minecraft:oak_sapling":1,"minecraft:mossy_cobblestone":1,"minecraft:deepslate_diamond_ore":1,"minecraft:oak_door":2,"minecraft:cobblestone_stairs":3,"biomesoplenty:desert_grass":7,"butchersdelight:deadsheepblock":2,"gravestone:gravestone":5,"minecraft:grass_block":109,"minecraft:spruce_leaves":5,"butchersdelight:deadpigblock":1,"minecraft:large_fern":2,"minecraft:hay_block":14,"minecraft:furnace":7,"minecraft:iron_ore":31,"biomesoplenty:lavender":1,"minecraft:big_dripleaf_stem":1,"minecraft:deepslate_iron_ore":1,"minecraft:dirt_path":18,"minecraft:vine":3,"minecraft:stone":92,"minecraft:acacia_leaves":18,"biomesoplenty:jacaranda_planks":1,"biomesoplenty:black_sand":8,"minecraft:dandelion":1,"minecraft:crafting_table":5,"minecraft:emerald_ore":4,"minecraft:melon":16,"minecraft:chest":4,"minecraft:cobblestone":9,"minecraft:tall_grass":4,"biomesoplenty:sprout":1,"minecraft:lapis_ore":4,"minecraft:sugar_cane":2,"minecraft:diorite":6,"minecraft:big_dripleaf":2,"minecraft:birch_planks":2,"minecraft:birch_log":22,"minecraft:spruce_log":2,"minecraft:birch_leaves":4,"minecraft:grass":125,"biomesoplenty:clover":1,"minecraft:oak_log":35,"minecraft:coal_ore":64,"delightful:mini_melon":3,"minecraft:gravel":7,"minecraft:dirt":22,"minecraft:cobweb":4,"minecraft:oak_leaves":34,"minecraft:fern":17},"minecraft:picked_up":{"minecraft:crafting_table":5,"butchersdelightfoods:legcow":1,"minecraft:lead":4,"minecraft:string":7,"butchersdelight:dead_cow":2,"butchersdelightfoods:sheeploin":2,"biomesoplenty:black_sand":8,"delightful:acorn":5,"delightful:bone_knife":1,"minecraft:cobblestone_slab":2,"minecraft:melon_slice":81,"delightful:green_tea_leaf":3,"minecraft:sugar_cane":2,"minecraft:chest":4,"minecraft:birch_sapling":11,"minecraft:egg":2,"minecraft:furnace":8,"minecraft:stick":26,"minecraft:raw_iron":32,"minecraft:oak_door":5,"minecraft:big_dripleaf":6,"minecraft:torch":5,"sophisticatedbackpacks:backpack":1,"minecraft:porkchop":4,"minecraft:diorite":5,"butchersdelight:deadsheep":6,"minecraft:rotten_flesh":5,"biomesoplenty:jacaranda_log":7,"minecraft:hay_block":14,"butchersdelightfoods:sheeprack":1,"minecraft:mutton":2,"minecraft:white_wool":4,"minecraft:cobblestone":104,"biomesoplenty:lavender":1,"minecraft:birch_log":22,"butchersdelightfoods:beeftenderloin":1,"alexsmobs:acacia_blossom":1,"minecraft:birch_planks":2,"minecraft:flint":4,"butchersdelight:deadpig":5,"minecraft:oak_log":47,"biomesoplenty:jacaranda_planks":1,"minecraft:gunpowder":2,"minecraft:cobblestone_stairs":5,"minecraft:lapis_lazuli":27,"minecraft:dirt":160,"minecraft:bone":1,"minecraft:apple":2,"delightful:mini_melon":3,"minecraft:wheat_seeds":24,"minecraft:stone_pickaxe":1,"minecraft:acacia_sapling":1,"minecraft:oak_planks":4,"minecraft:dandelion":1,"butchersdelight:cow_hide":2,"minecraft:gravel":14,"minecraft:white_bed":8,"minecraft:spruce_log":2,"minecraft:mossy_cobblestone":1,"butchersdelight:sheephide":4,"minecraft:diamond":1,"minecraft:emerald":4,"minecraft:oak_sapling":39,"minecraft:coal":244},"minecraft:broken":{"minecraft:stone_pickaxe":1,"minecraft:stone_axe":2},"minecraft:killed":{"born_in_chaos_v1:skeleton_demoman":1,"born_in_chaos_v1:baby_spider":2,"minecraft:sheep":4,"minecraft:zombie":5},"minecraft:killed_by":{"born_in_chaos_v1:restless_spirit":1,"born_in_chaos_v1:nightmare_stalker":1,"minecraft:pillager":1,"undead_revamp2:clogger":1,"minecraft:skeleton":1},"minecraft:crafted":{"minecraft:oak_planks":60,"minecraft:cobblestone_slab":6,"delightful:bone_knife":1,"minecraft:melon_slice":9,"minecraft:furnace":1,"minecraft:cobblestone_stairs":12,"butchersdelightfoods:cooked_leg_cow":1,"minecraft:cooked_mutton":1,"mcwfences:wooden_cheval_de_frise":4,"minecraft:iron_boots":1,"minecraft:stone_pickaxe":2,"biomesoplenty:jacaranda_planks":20,"minecraft:cooked_porkchop":4,"minecraft:crafting_table":3,"minecraft:birch_planks":88,"minecraft:stone_axe":2,"butchersdelightfoods:cookedsheeprack":1,"butchersdelightfoods:coockedbeeftenderloin":1,"minecraft:bread":24,"minecraft:air":0,"minecraft:iron_chestplate":1,"minecraft:charcoal":3,"minecraft:shield":1,"minecraft:stick":20,"butchersdelightfoods:cooked_sheeploin":2,"minecraft:iron_ingot":22,"minecraft:iron_pickaxe":1,"minecraft:stone_sword":1,"minecraft:iron_shovel":1,"minecraft:white_bed":1,"minecraft:torch":68},"minecraft:dropped":{"minecraft:iron_ingot":1,"minecraft:oak_log":19,"butchersdelight:sheephide":3,"minecraft:stick":1,"gravestone:obituary":6,"minecraft:white_wool":1}},"DataVersion":3465}