{"stats":{"minecraft:custom":{"minecraft:interact_with_furnace":44,"minecraft:mob_kills":8,"minecraft:interact_with_crafting_table":31,"minecraft:damage_dealt_resisted":20,"minecraft:sleep_in_bed":3,"minecraft:time_since_death":75091,"minecraft:leave_game":5,"minecraft:climb_one_cm":176,"minecraft:time_since_rest":6572,"minecraft:sprint_one_cm":173746,"minecraft:damage_taken":1971,"minecraft:walk_one_cm":379095,"minecraft:drop":7,"minecraft:damage_dealt":1802,"minecraft:talked_to_villager":1,"minecraft:swim_one_cm":1770,"minecraft:fly_one_cm":221254,"minecraft:open_chest":21,"minecraft:crouch_one_cm":22048,"minecraft:play_time":126510,"minecraft:deaths":4,"minecraft:sneak_time":8313,"minecraft:walk_under_water_one_cm":1011,"minecraft:jump":1525,"minecraft:walk_on_water_one_cm":10067,"minecraft:total_world_time":126510,"minecraft:fall_one_cm":33415},"minecraft:used":{"minecraft:cooked_mutton":1,"minecraft:diorite":4,"minecraft:stone_sword":7,"butchersdelightfoods:coockedbeeftenderloin":1,"minecraft:cobblestone_stairs":17,"minecraft:birch_planks":90,"minecraft:stone_pickaxe":220,"minecraft:chest":3,"minecraft:cobblestone_slab":8,"butchersdelightfoods:cooked_leg_cow":1,"minecraft:oak_door":3,"minecraft:torch":17,"minecraft:dirt":43,"biomesoplenty:jacaranda_planks":13,"minecraft:crafting_table":6,"mcwfences:wooden_cheval_de_frise":4,"minecraft:white_bed":4,"minecraft:oak_log":2,"minecraft:apple":2,"minecraft:melon_slice":2,"minecraft:iron_pickaxe":8,"delightful:bone_knife":2,"biomesoplenty:jacaranda_log":2,"minecraft:gravel":13,"minecraft:stone_axe":142,"butchersdelightfoods:cookedsheeprack":1,"minecraft:cobblestone":55,"minecraft:furnace":8,"minecraft:cooked_porkchop":4,"butchersdelightfoods:cooked_sheeploin":2,"delightful:acorn":5,"biomesoplenty:black_sand":8},"minecraft:mined":{"minecraft:white_bed":4,"minecraft:oak_sapling":1,"minecraft:mossy_cobblestone":1,"minecraft:oak_door":2,"minecraft:cobblestone_stairs":3,"biomesoplenty:black_sand":8,"minecraft:crafting_table":5,"butchersdelight:deadsheepblock":2,"gravestone:gravestone":4,"minecraft:emerald_ore":4,"minecraft:grass_block":27,"minecraft:chest":4,"biomesoplenty:sprout":1,"minecraft:tall_grass":2,"minecraft:cobblestone":9,"minecraft:sugar_cane":2,"minecraft:lapis_ore":4,"butchersdelight:deadpigblock":1,"minecraft:diorite":5,"minecraft:large_fern":1,"minecraft:birch_planks":2,"minecraft:furnace":7,"minecraft:birch_log":22,"minecraft:iron_ore":18,"biomesoplenty:lavender":1,"minecraft:birch_leaves":4,"minecraft:coal_ore":64,"biomesoplenty:clover":1,"minecraft:grass":76,"delightful:mini_melon":3,"minecraft:oak_log":35,"minecraft:gravel":5,"minecraft:dirt":4,"minecraft:stone":91,"minecraft:oak_leaves":33,"minecraft:fern":10},"minecraft:picked_up":{"biomesoplenty:lavender":1,"minecraft:birch_log":22,"minecraft:crafting_table":5,"butchersdelightfoods:beeftenderloin":1,"butchersdelightfoods:legcow":1,"minecraft:lead":1,"minecraft:birch_planks":2,"butchersdelight:deadpig":5,"minecraft:flint":3,"minecraft:oak_log":47,"minecraft:cobblestone_stairs":5,"minecraft:lapis_lazuli":27,"minecraft:dirt":43,"butchersdelight:dead_cow":2,"minecraft:apple":2,"butchersdelightfoods:sheeploin":2,"delightful:mini_melon":3,"minecraft:wheat_seeds":14,"biomesoplenty:black_sand":8,"delightful:acorn":5,"minecraft:stone_pickaxe":1,"delightful:bone_knife":1,"minecraft:cobblestone_slab":2,"minecraft:sugar_cane":2,"delightful:green_tea_leaf":3,"minecraft:chest":4,"minecraft:birch_sapling":11,"minecraft:oak_planks":4,"minecraft:furnace":8,"minecraft:egg":2,"minecraft:stick":26,"minecraft:raw_iron":18,"minecraft:oak_door":5,"minecraft:torch":4,"minecraft:gravel":13,"butchersdelight:cow_hide":2,"minecraft:porkchop":4,"minecraft:diorite":4,"minecraft:white_bed":4,"minecraft:mossy_cobblestone":1,"butchersdelight:sheephide":4,"butchersdelight:deadsheep":6,"minecraft:rotten_flesh":2,"biomesoplenty:jacaranda_log":7,"minecraft:emerald":4,"butchersdelightfoods:sheeprack":1,"minecraft:oak_sapling":39,"minecraft:coal":244,"minecraft:mutton":2,"minecraft:white_wool":4,"minecraft:cobblestone":103},"minecraft:killed":{"minecraft:sheep":4,"minecraft:zombie":2},"minecraft:killed_by":{"born_in_chaos_v1:restless_spirit":1,"born_in_chaos_v1:nightmare_stalker":1,"minecraft:skeleton":1,"minecraft:pillager":1},"minecraft:crafted":{"minecraft:oak_planks":20,"minecraft:cobblestone_slab":6,"biomesoplenty:jacaranda_planks":20,"minecraft:cooked_porkchop":4,"delightful:bone_knife":1,"minecraft:crafting_table":2,"minecraft:melon_slice":9,"minecraft:furnace":1,"minecraft:cobblestone_stairs":12,"minecraft:birch_planks":88,"minecraft:stone_axe":2,"butchersdelightfoods:cooked_leg_cow":1,"butchersdelightfoods:cookedsheeprack":1,"butchersdelightfoods:coockedbeeftenderloin":1,"minecraft:cooked_mutton":1,"minecraft:air":0,"minecraft:iron_boots":1,"minecraft:iron_chestplate":1,"mcwfences:wooden_cheval_de_frise":4,"minecraft:charcoal":3,"minecraft:shield":1,"minecraft:stick":8,"minecraft:iron_pickaxe":1,"minecraft:iron_ingot":18,"butchersdelightfoods:cooked_sheeploin":2,"minecraft:stone_pickaxe":2,"minecraft:stone_sword":1,"minecraft:white_bed":1,"minecraft:torch":20},"minecraft:broken":{"minecraft:stone_pickaxe":1,"minecraft:stone_axe":2},"minecraft:dropped":{"minecraft:iron_ingot":1,"minecraft:oak_log":19,"gravestone:obituary":5}},"DataVersion":3465}