{"stats":{"minecraft:custom":{"minecraft:time_since_rest":2936,"minecraft:sprint_one_cm":39183,"minecraft:damage_taken":945,"minecraft:walk_one_cm":29090,"minecraft:mob_kills":1,"minecraft:drop":4,"minecraft:damage_dealt":170,"minecraft:fly_one_cm":20513,"minecraft:open_chest":1,"minecraft:crouch_one_cm":391,"minecraft:play_time":11317,"minecraft:deaths":3,"minecraft:sneak_time":125,"minecraft:jump":130,"minecraft:leave_game":2,"minecraft:time_since_death":2902,"minecraft:total_world_time":11317,"minecraft:fall_one_cm":1924},"minecraft:used":{"minecraft:apple":1,"minecraft:cobblestone_stairs":2,"minecraft:chest":3,"minecraft:stone_axe":8,"minecraft:dirt":3,"delightful:acorn":2},"minecraft:mined":{"butchersdelight:deadsheepblock":2,"gravestone:gravestone":3,"minecraft:chest":4,"minecraft:oak_leaves":4},"minecraft:picked_up":{"minecraft:stick":11,"minecraft:oak_door":2,"minecraft:torch":4,"minecraft:gravel":9,"minecraft:flint":2,"minecraft:oak_log":8,"minecraft:cobblestone_stairs":3,"minecraft:dirt":12,"butchersdelight:deadsheep":3,"minecraft:apple":1,"delightful:acorn":2,"minecraft:stone_pickaxe":1,"minecraft:cobblestone_slab":2,"minecraft:oak_sapling":20,"minecraft:chest":4,"delightful:green_tea_leaf":1,"minecraft:birch_sapling":4,"minecraft:oak_planks":4,"minecraft:white_wool":1},"minecraft:killed_by":{"born_in_chaos_v1:restless_spirit":1,"born_in_chaos_v1:nightmare_stalker":1,"minecraft:pillager":1},"minecraft:killed":{"minecraft:sheep":1},"minecraft:dropped":{"gravestone:obituary":4}},"DataVersion":3465}