{"stats":{"minecraft:custom":{"minecraft:mob_kills":10,"minecraft:interact_with_crafting_table":33,"minecraft:damage_dealt_resisted":20,"minecraft:leave_game":5,"minecraft:time_since_death":35635,"minecraft:climb_one_cm":610,"minecraft:sprint_one_cm":285078,"minecraft:walk_one_cm":520801,"minecraft:drop":11,"minecraft:talked_to_villager":9,"minecraft:play_time":174510,"minecraft:deaths":5,"minecraft:sneak_time":9399,"minecraft:walk_under_water_one_cm":2652,"minecraft:jump":2239,"minecraft:walk_on_water_one_cm":12947,"minecraft:total_world_time":174510,"minecraft:interact_with_furnace":44,"minecraft:traded_with_villager":4,"minecraft:sleep_in_bed":7,"minecraft:time_since_rest":13132,"minecraft:damage_taken":2497,"minecraft:damage_dealt":2001,"minecraft:swim_one_cm":9583,"minecraft:fly_one_cm":401247,"minecraft:open_chest":30,"minecraft:crouch_one_cm":26793,"minecraft:fall_one_cm":53411},"minecraft:used":{"minecraft:stone_sword":7,"minecraft:iron_shovel":70,"minecraft:chest":4,"butchersdelightfoods:cooked_leg_cow":1,"minecraft:oak_door":3,"minecraft:torch":18,"minecraft:dirt":52,"mcwfences:wooden_cheval_de_frise":4,"delightful:bone_knife":15,"biomesoplenty:jacaranda_log":2,"minecraft:furnace":8,"biomesoplenty:black_sand":8,"minecraft:cooked_mutton":1,"minecraft:diorite":4,"minecraft:cobblestone_stairs":17,"butchersdelightfoods:coockedbeeftenderloin":1,"minecraft:birch_planks":90,"minecraft:stone_pickaxe":220,"minecraft:cobblestone_slab":8,"minecraft:crafting_table":8,"minecraft:white_bed":8,"biomesoplenty:jacaranda_planks":15,"minecraft:oak_log":2,"minecraft:apple":2,"minecraft:bread":3,"minecraft:melon_slice":16,"minecraft:iron_pickaxe":19,"minecraft:gravel":13,"minecraft:stone_axe":188,"butchersdelightfoods:cookedsheeprack":1,"minecraft:cobblestone":55,"minecraft:cooked_porkchop":4,"delightful:acorn":5,"butchersdelightfoods:cooked_sheeploin":2},"minecraft:mined":{"minecraft:white_bed":7,"minecraft:oak_sapling":1,"minecraft:mossy_cobblestone":1,"minecraft:oak_door":2,"minecraft:cobblestone_stairs":3,"biomesoplenty:desert_grass":7,"butchersdelight:deadsheepblock":2,"gravestone:gravestone":5,"minecraft:grass_block":91,"minecraft:spruce_leaves":5,"butchersdelight:deadpigblock":1,"minecraft:large_fern":2,"minecraft:hay_block":14,"minecraft:furnace":7,"minecraft:iron_ore":22,"biomesoplenty:lavender":1,"minecraft:big_dripleaf_stem":1,"minecraft:dirt_path":9,"minecraft:vine":3,"minecraft:stone":91,"minecraft:acacia_leaves":18,"biomesoplenty:jacaranda_planks":1,"biomesoplenty:black_sand":8,"minecraft:dandelion":1,"minecraft:crafting_table":5,"minecraft:emerald_ore":4,"minecraft:melon":16,"minecraft:chest":4,"minecraft:cobblestone":9,"minecraft:tall_grass":4,"biomesoplenty:sprout":1,"minecraft:lapis_ore":4,"minecraft:sugar_cane":2,"minecraft:diorite":5,"minecraft:big_dripleaf":2,"minecraft:birch_planks":2,"minecraft:birch_log":22,"minecraft:spruce_log":2,"minecraft:birch_leaves":4,"minecraft:grass":125,"biomesoplenty:clover":1,"minecraft:oak_log":35,"minecraft:coal_ore":64,"delightful:mini_melon":3,"minecraft:gravel":7,"minecraft:dirt":15,"minecraft:cobweb":3,"minecraft:oak_leaves":34,"minecraft:fern":17},"minecraft:picked_up":{"minecraft:crafting_table":5,"butchersdelightfoods:legcow":1,"minecraft:lead":4,"minecraft:string":6,"butchersdelight:dead_cow":2,"butchersdelightfoods:sheeploin":2,"biomesoplenty:black_sand":8,"delightful:acorn":5,"delightful:bone_knife":1,"minecraft:cobblestone_slab":2,"minecraft:melon_slice":81,"delightful:green_tea_leaf":3,"minecraft:sugar_cane":2,"minecraft:chest":4,"minecraft:birch_sapling":11,"minecraft:egg":2,"minecraft:furnace":8,"minecraft:stick":26,"minecraft:raw_iron":22,"minecraft:oak_door":5,"minecraft:big_dripleaf":6,"minecraft:torch":5,"sophisticatedbackpacks:backpack":1,"minecraft:porkchop":4,"minecraft:diorite":4,"butchersdelight:deadsheep":6,"minecraft:rotten_flesh":2,"biomesoplenty:jacaranda_log":7,"minecraft:hay_block":14,"butchersdelightfoods:sheeprack":1,"minecraft:mutton":2,"minecraft:white_wool":4,"minecraft:cobblestone":103,"biomesoplenty:lavender":1,"minecraft:birch_log":22,"butchersdelightfoods:beeftenderloin":1,"alexsmobs:acacia_blossom":1,"minecraft:birch_planks":2,"minecraft:flint":4,"butchersdelight:deadpig":5,"minecraft:oak_log":47,"biomesoplenty:jacaranda_planks":1,"minecraft:cobblestone_stairs":5,"minecraft:lapis_lazuli":27,"minecraft:dirt":127,"minecraft:apple":2,"delightful:mini_melon":3,"minecraft:wheat_seeds":24,"minecraft:stone_pickaxe":1,"minecraft:acacia_sapling":1,"minecraft:oak_planks":4,"minecraft:dandelion":1,"butchersdelight:cow_hide":2,"minecraft:gravel":14,"minecraft:white_bed":8,"minecraft:spruce_log":2,"minecraft:mossy_cobblestone":1,"butchersdelight:sheephide":4,"minecraft:emerald":4,"minecraft:oak_sapling":39,"minecraft:coal":244},"minecraft:broken":{"minecraft:stone_pickaxe":1,"minecraft:stone_axe":2},"minecraft:killed":{"born_in_chaos_v1:baby_spider":2,"minecraft:sheep":4,"minecraft:zombie":2},"minecraft:killed_by":{"born_in_chaos_v1:restless_spirit":1,"born_in_chaos_v1:nightmare_stalker":1,"minecraft:pillager":1,"undead_revamp2:clogger":1,"minecraft:skeleton":1},"minecraft:crafted":{"minecraft:oak_planks":60,"minecraft:cobblestone_slab":6,"delightful:bone_knife":1,"minecraft:melon_slice":9,"minecraft:furnace":1,"minecraft:cobblestone_stairs":12,"butchersdelightfoods:cooked_leg_cow":1,"minecraft:cooked_mutton":1,"mcwfences:wooden_cheval_de_frise":4,"minecraft:iron_boots":1,"minecraft:stone_pickaxe":2,"biomesoplenty:jacaranda_planks":20,"minecraft:cooked_porkchop":4,"minecraft:crafting_table":3,"minecraft:birch_planks":88,"minecraft:stone_axe":2,"butchersdelightfoods:cookedsheeprack":1,"butchersdelightfoods:coockedbeeftenderloin":1,"minecraft:bread":24,"minecraft:air":0,"minecraft:iron_chestplate":1,"minecraft:charcoal":3,"minecraft:shield":1,"minecraft:stick":8,"butchersdelightfoods:cooked_sheeploin":2,"minecraft:iron_ingot":18,"minecraft:iron_pickaxe":1,"minecraft:stone_sword":1,"minecraft:iron_shovel":1,"minecraft:white_bed":1,"minecraft:torch":20},"minecraft:dropped":{"minecraft:iron_ingot":1,"minecraft:oak_log":19,"butchersdelight:sheephide":3,"minecraft:stick":1,"gravestone:obituary":6,"minecraft:white_wool":1}},"DataVersion":3465}