{"stats":{"minecraft:custom":{"minecraft:interact_with_furnace":23,"minecraft:mob_kills":4,"minecraft:interact_with_crafting_table":16,"minecraft:time_since_death":21091,"minecraft:leave_game":5,"minecraft:time_since_rest":21121,"minecraft:sprint_one_cm":113286,"minecraft:damage_taken":1480,"minecraft:walk_one_cm":235174,"minecraft:drop":7,"minecraft:damage_dealt":1236,"minecraft:fly_one_cm":106428,"minecraft:open_chest":20,"minecraft:crouch_one_cm":12479,"minecraft:play_time":72510,"minecraft:deaths":4,"minecraft:sneak_time":4472,"minecraft:jump":738,"minecraft:walk_on_water_one_cm":1302,"minecraft:total_world_time":72510,"minecraft:fall_one_cm":10791},"minecraft:used":{"minecraft:diorite":4,"butchersdelightfoods:coockedbeeftenderloin":1,"minecraft:cobblestone_stairs":17,"minecraft:stone_pickaxe":94,"minecraft:chest":3,"minecraft:cobblestone_slab":8,"minecraft:oak_door":2,"minecraft:torch":12,"minecraft:dirt":40,"minecraft:crafting_table":1,"minecraft:oak_log":1,"minecraft:apple":2,"delightful:bone_knife":1,"minecraft:gravel":2,"minecraft:stone_axe":113,"butchersdelightfoods:cookedsheeprack":1,"minecraft:cobblestone":38,"minecraft:furnace":2,"minecraft:cooked_porkchop":3,"delightful:acorn":5},"minecraft:mined":{"minecraft:oak_sapling":1,"minecraft:oak_door":2,"minecraft:cobblestone_stairs":3,"minecraft:crafting_table":1,"butchersdelight:deadsheepblock":2,"gravestone:gravestone":4,"minecraft:grass_block":25,"minecraft:chest":4,"minecraft:cobblestone":7,"minecraft:lapis_ore":4,"butchersdelight:deadpigblock":1,"minecraft:diorite":5,"minecraft:furnace":2,"minecraft:birch_log":22,"minecraft:iron_ore":2,"minecraft:birch_leaves":4,"minecraft:grass":1,"minecraft:oak_log":31,"minecraft:gravel":2,"minecraft:dirt":3,"minecraft:stone":68,"minecraft:oak_leaves":31},"minecraft:picked_up":{"minecraft:birch_log":22,"minecraft:crafting_table":1,"butchersdelightfoods:beeftenderloin":1,"butchersdelightfoods:legcow":1,"butchersdelight:deadpig":4,"minecraft:flint":2,"minecraft:oak_log":43,"minecraft:cobblestone_stairs":5,"minecraft:lapis_lazuli":27,"minecraft:dirt":40,"butchersdelight:dead_cow":2,"minecraft:apple":2,"delightful:acorn":5,"minecraft:stone_pickaxe":1,"delightful:bone_knife":1,"minecraft:cobblestone_slab":2,"delightful:green_tea_leaf":3,"minecraft:chest":4,"minecraft:birch_sapling":11,"minecraft:oak_planks":4,"minecraft:furnace":2,"minecraft:egg":2,"minecraft:stick":25,"minecraft:raw_iron":2,"minecraft:oak_door":4,"minecraft:torch":4,"minecraft:gravel":11,"butchersdelight:cow_hide":2,"minecraft:porkchop":3,"minecraft:diorite":4,"butchersdelight:sheephide":1,"butchersdelight:deadsheep":3,"butchersdelightfoods:sheeprack":1,"minecraft:oak_sapling":38,"minecraft:white_wool":1,"minecraft:cobblestone":75},"minecraft:killed":{"minecraft:sheep":1,"minecraft:zombie":2},"minecraft:broken":{"minecraft:stone_axe":1},"minecraft:killed_by":{"born_in_chaos_v1:restless_spirit":1,"born_in_chaos_v1:nightmare_stalker":1,"minecraft:skeleton":1,"minecraft:pillager":1},"minecraft:crafted":{"minecraft:oak_planks":8,"minecraft:cobblestone_slab":6,"minecraft:cooked_porkchop":3,"delightful:bone_knife":1,"minecraft:crafting_table":1,"minecraft:furnace":1,"minecraft:cobblestone_stairs":12,"minecraft:stone_axe":1,"butchersdelightfoods:cooked_leg_cow":1,"butchersdelightfoods:cookedsheeprack":1,"butchersdelightfoods:coockedbeeftenderloin":1,"minecraft:air":0,"minecraft:charcoal":3,"minecraft:shield":1,"minecraft:iron_ingot":2,"minecraft:torch":8},"minecraft:dropped":{"minecraft:iron_ingot":1,"minecraft:oak_log":19,"gravestone:obituary":5}},"DataVersion":3465}