{"stats":{"minecraft:used":{"minecraft:birch_fence":3,"minecraft:oak_log":7,"minecraft:birch_planks":5,"minecraft:stone_pickaxe":16,"minecraft:oak_planks":89,"minecraft:wooden_pickaxe":59,"minecraft:gravel":2,"minecraft:oak_door":1,"minecraft:stone_axe":47,"minecraft:torch":4,"minecraft:dirt":7,"minecraft:cobblestone":5,"minecraft:crafting_table":2,"minecraft:furnace":3,"delightful:acorn":4},"minecraft:broken":{"minecraft:wooden_pickaxe":1},"minecraft:picked_up":{"minecraft:birch_log":5,"minecraft:stick":8,"minecraft:gravel":9,"minecraft:flint":2,"minecraft:oak_log":34,"minecraft:dirt":53,"butchersdelight:dead_cow":2,"delightful:acorn":4,"minecraft:oak_sapling":13,"delightful:green_tea_leaf":1,"minecraft:birch_sapling":2,"minecraft:oak_planks":1,"minecraft:cobblestone":43,"minecraft:furnace":1},"minecraft:custom":{"minecraft:time_since_rest":26970,"minecraft:interact_with_furnace":3,"minecraft:sprint_one_cm":6946,"minecraft:damage_taken":70,"minecraft:walk_one_cm":63302,"minecraft:drop":1,"minecraft:damage_dealt":110,"minecraft:interact_with_crafting_table":9,"minecraft:fly_one_cm":6712,"minecraft:crouch_one_cm":5941,"minecraft:play_time":26970,"minecraft:sneak_time":2879,"minecraft:jump":168,"minecraft:time_since_death":26970,"minecraft:total_world_time":26970,"minecraft:fall_one_cm":3751},"minecraft:mined":{"minecraft:oak_sapling":3,"minecraft:furnace":1,"butchersdelight:deadcowblock":1,"minecraft:birch_log":5,"minecraft:birch_leaves":2,"minecraft:grass":6,"minecraft:grass_block":34,"minecraft:oak_log":20,"minecraft:gravel":11,"minecraft:dirt":19,"minecraft:stone":43,"minecraft:oak_planks":1,"minecraft:oak_leaves":20},"minecraft:dropped":{"butchersdelight:dead_cow":1},"minecraft:crafted":{"minecraft:oak_door":3,"minecraft:oak_planks":100,"minecraft:charcoal":1,"minecraft:crafting_table":2,"minecraft:birch_fence":3,"minecraft:stick":8,"minecraft:wooden_pickaxe":1,"minecraft:stone_pickaxe":1,"minecraft:furnace":2,"minecraft:torch":4,"minecraft:birch_planks":20,"minecraft:stone_axe":1}},"DataVersion":3465}