{"stats":{"minecraft:used":{"minecraft:birch_fence":2,"minecraft:oak_log":7,"minecraft:oak_planks":13,"minecraft:wooden_pickaxe":29,"minecraft:oak_door":1,"minecraft:stone_axe":37,"minecraft:dirt":7,"minecraft:crafting_table":1,"minecraft:furnace":1,"delightful:acorn":2},"minecraft:picked_up":{"minecraft:birch_log":5,"minecraft:stick":8,"minecraft:oak_log":24,"minecraft:dirt":26,"butchersdelight:dead_cow":2,"delightful:acorn":4,"minecraft:oak_sapling":9,"delightful:green_tea_leaf":1,"minecraft:birch_sapling":2,"minecraft:cobblestone":17},"minecraft:custom":{"minecraft:time_since_rest":14970,"minecraft:sprint_one_cm":6284,"minecraft:damage_taken":70,"minecraft:walk_one_cm":34718,"minecraft:drop":1,"minecraft:damage_dealt":110,"minecraft:interact_with_crafting_table":6,"minecraft:fly_one_cm":6712,"minecraft:crouch_one_cm":3449,"minecraft:play_time":14970,"minecraft:sneak_time":1893,"minecraft:jump":115,"minecraft:time_since_death":14970,"minecraft:total_world_time":14970,"minecraft:fall_one_cm":3482},"minecraft:mined":{"minecraft:oak_sapling":2,"butchersdelight:deadcowblock":1,"minecraft:birch_log":5,"minecraft:birch_leaves":2,"minecraft:grass":4,"minecraft:grass_block":17,"minecraft:oak_log":15,"minecraft:dirt":9,"minecraft:stone":17,"minecraft:oak_leaves":17},"minecraft:dropped":{"butchersdelight:dead_cow":1},"minecraft:crafted":{"minecraft:oak_door":3,"minecraft:oak_planks":40,"minecraft:crafting_table":1,"minecraft:birch_fence":3,"minecraft:stick":8,"minecraft:wooden_pickaxe":1,"minecraft:furnace":1,"minecraft:birch_planks":20,"minecraft:stone_axe":1}},"DataVersion":3465}