{"stats":{"minecraft:used":{"minecraft:birch_fence":3,"minecraft:oak_log":19,"minecraft:cobblestone_stairs":5,"minecraft:birch_planks":5,"minecraft:stone_pickaxe":16,"minecraft:oak_planks":89,"minecraft:chest":3,"minecraft:wooden_pickaxe":59,"minecraft:cobblestone_slab":4,"minecraft:gravel":2,"minecraft:oak_door":1,"minecraft:stone_axe":94,"minecraft:torch":5,"minecraft:dirt":53,"minecraft:cobblestone":6,"minecraft:crafting_table":2,"minecraft:furnace":3,"delightful:acorn":4},"minecraft:broken":{"minecraft:wooden_pickaxe":1},"minecraft:picked_up":{"minecraft:birch_log":11,"minecraft:stick":18,"minecraft:torch":1,"minecraft:gravel":11,"minecraft:flint":2,"minecraft:oak_log":54,"minecraft:dirt":65,"butchersdelight:dead_cow":2,"minecraft:apple":1,"delightful:acorn":6,"minecraft:oak_sapling":20,"delightful:green_tea_leaf":1,"minecraft:birch_sapling":4,"minecraft:oak_planks":3,"minecraft:cobblestone":43,"minecraft:furnace":1},"minecraft:custom":{"minecraft:time_since_rest":37751,"minecraft:interact_with_furnace":4,"minecraft:sprint_one_cm":14494,"minecraft:damage_taken":70,"minecraft:walk_one_cm":99890,"minecraft:drop":1,"minecraft:damage_dealt":110,"minecraft:interact_with_crafting_table":12,"minecraft:fly_one_cm":9693,"minecraft:open_chest":2,"minecraft:crouch_one_cm":7460,"minecraft:play_time":37751,"minecraft:sneak_time":3260,"minecraft:jump":197,"minecraft:leave_game":1,"minecraft:time_since_death":37751,"minecraft:total_world_time":37751,"minecraft:fall_one_cm":3960},"minecraft:mined":{"minecraft:oak_sapling":4,"minecraft:furnace":1,"butchersdelight:deadcowblock":1,"minecraft:birch_log":11,"minecraft:birch_leaves":3,"minecraft:grass":8,"minecraft:grass_block":44,"minecraft:oak_log":36,"minecraft:gravel":13,"minecraft:dirt":21,"minecraft:stone":43,"minecraft:oak_planks":3,"minecraft:oak_leaves":32,"minecraft:wall_torch":1},"minecraft:dropped":{"butchersdelight:dead_cow":1},"minecraft:crafted":{"minecraft:oak_door":3,"minecraft:oak_planks":100,"minecraft:cobblestone_slab":6,"minecraft:charcoal":2,"minecraft:crafting_table":2,"minecraft:birch_fence":3,"minecraft:stick":8,"minecraft:wooden_pickaxe":1,"minecraft:stone_pickaxe":1,"minecraft:chest":3,"minecraft:furnace":2,"minecraft:cobblestone_stairs":8,"minecraft:torch":8,"minecraft:birch_planks":44,"minecraft:stone_axe":1}},"DataVersion":3465}