{"stats":{"minecraft:custom":{"minecraft:interact_with_furnace":68,"minecraft:mob_kills":26,"minecraft:interact_with_crafting_table":18,"minecraft:damage_dealt_resisted":80,"minecraft:leave_game":2,"minecraft:time_since_death":70492,"minecraft:sleep_in_bed":1,"minecraft:climb_one_cm":408,"minecraft:time_since_rest":11684,"minecraft:sprint_one_cm":277620,"minecraft:damage_taken":3017,"minecraft:walk_one_cm":493119,"minecraft:damage_blocked_by_shield":360,"minecraft:drop":10,"minecraft:damage_dealt":4099,"minecraft:swim_one_cm":23625,"minecraft:fly_one_cm":150188,"minecraft:open_chest":11,"minecraft:crouch_one_cm":11025,"minecraft:play_time":131177,"minecraft:deaths":9,"minecraft:sneak_time":2707,"minecraft:walk_under_water_one_cm":16057,"minecraft:jump":1393,"minecraft:walk_on_water_one_cm":10153,"minecraft:total_world_time":131177,"minecraft:fall_one_cm":37880},"minecraft:used":{"biomesoplenty:jacaranda_door":1,"minecraft:stone_sword":82,"butchersdelightfoods:cookedporkloin":1,"minecraft:stone_shovel":99,"minecraft:stone_pickaxe":110,"minecraft:chest":1,"minecraft:shield":6,"minecraft:wooden_shovel":29,"minecraft:cooked_chicken":4,"minecraft:rotten_flesh":7,"butchersdelightfoods:cooked_leg_cow":1,"minecraft:torch":10,"minecraft:dirt":21,"minecraft:crafting_table":3,"minecraft:white_bed":3,"decorative_blocks:chandelier":1,"biomesoplenty:jacaranda_planks":261,"minecraft:glass":56,"born_in_chaos_v1:corpse_maggot":10,"delightful:bone_knife":21,"biomesoplenty:jacaranda_log":6,"butchersdelightfoods:cookedsheeprack":1,"minecraft:stone_axe":297,"biomesoplenty:jacaranda_sapling":2,"minecraft:cobblestone":16,"minecraft:white_banner":2,"minecraft:furnace":2},"minecraft:mined":{"biomesoplenty:jacaranda_leaves":27,"minecraft:white_bed":2,"biomesoplenty:jacaranda_planks":139,"minecraft:lily_of_the_valley":1,"biomesoplenty:black_sand":3,"minecraft:crafting_table":1,"minecraft:torch":4,"gravestone:gravestone":6,"minecraft:grass_block":41,"born_in_chaos_v1:black_argillite":1,"biomesoplenty:flowering_oak_leaves":2,"biomesoplenty:stripped_jacaranda_log":1,"minecraft:copper_ore":7,"minecraft:glass":7,"minecraft:tall_grass":4,"minecraft:cobblestone":1,"minecraft:diorite":1,"minecraft:wall_torch":2,"biomesoplenty:jacaranda_log":80,"biomesoplenty:tall_lavender":1,"minecraft:furnace":1,"butchersdelight:deadcowblock":1,"minecraft:iron_ore":11,"biomesoplenty:lavender":1,"minecraft:birch_leaves":7,"minecraft:coal_ore":3,"minecraft:grass":134,"minecraft:gravel":4,"biomesoplenty:jacaranda_door":1,"minecraft:sand":67,"minecraft:dirt":7,"minecraft:stone":53,"minecraft:oak_leaves":12},"minecraft:picked_up":{"biomesoplenty:lavender":1,"born_in_chaos_v1:corpse_maggot":10,"minecraft:crafting_table":1,"minecraft:feather":9,"butchersdelightfoods:legcow":1,"minecraft:chicken":4,"delightful:animal_fat":3,"minecraft:brown_wool":1,"biomesoplenty:jacaranda_door":1,"biomesoplenty:jacaranda_sapling":10,"alexsmobs:cachalot_whale_tooth":1,"butchersdelight:deadpig":1,"minecraft:oak_log":19,"biomesoplenty:jacaranda_planks":128,"minecraft:raw_copper":24,"minecraft:dirt":47,"minecraft:string":1,"minecraft:white_banner":2,"butchersdelight:deadchiken":4,"biomesoplenty:tall_lavender":1,"minecraft:bone":3,"butchersdelight:dead_cow":1,"minecraft:bow":1,"minecraft:wheat_seeds":19,"minecraft:iron_ingot":1,"minecraft:furnace":1,"minecraft:egg":5,"minecraft:stick":8,"minecraft:raw_iron":11,"minecraft:torch":9,"born_in_chaos_v1:ethereal_spirit":1,"arphex:maggot_grub":1,"butchersdelight:cow_hide":1,"butchersdelightfoods:porkloin":1,"minecraft:sand":67,"minecraft:diorite":2,"minecraft:white_bed":2,"minecraft:lily_of_the_valley":1,"butchersdelight:sheephide":2,"butchersdelight:deadsheep":2,"minecraft:arrow":3,"minecraft:rotten_flesh":6,"biomesoplenty:jacaranda_log":86,"butchersdelightfoods:sheeprack":1,"butchersdelightfoods:sheepshank":1,"minecraft:black_wool":1,"minecraft:coal":3,"biomesoplenty:stripped_jacaranda_log":1,"minecraft:white_wool":14,"minecraft:cobblestone":54},"minecraft:broken":{"minecraft:wooden_shovel":1,"minecraft:stone_axe":2},"minecraft:killed":{"born_in_chaos_v1:restless_spirit":1,"undead_revamp2:the_moonflower":3,"minecraft:spider":1,"minecraft:creeper":1,"minecraft:sheep":2,"minecraft:skeleton":2,"minecraft:pillager":1,"minecraft:zombie":5,"born_in_chaos_v1:corpse_fly":7,"minecraft:drowned":1,"arphex:fly_festerer":1,"alexsmobs:fly":1},"minecraft:crafted":{"minecraft:oak_planks":76,"minecraft:stone_shovel":1,"biomesoplenty:jacaranda_planks":84,"delightful:bone_knife":2,"minecraft:crafting_table":3,"minecraft:cooked_chicken":4,"minecraft:furnace":2,"decorative_blocks:chandelier":1,"minecraft:stone_axe":2,"butchersdelightfoods:cooked_leg_cow":1,"butchersdelightfoods:cookedsheeprack":1,"minecraft:air":0,"minecraft:glass":40,"minecraft:charcoal":50,"minecraft:shield":1,"minecraft:stick":12,"minecraft:iron_ingot":5,"minecraft:chest":1,"minecraft:white_bed":2,"minecraft:torch":20,"minecraft:shears":1,"butchersdelightfoods:cookedporkloin":1},"minecraft:killed_by":{"man:managgresive":1,"born_in_chaos_v1:restless_spirit":1,"undead_revamp2:therod":1,"minecraft:skeleton":1,"graveyard:ghoul":1,"minecraft:zombie":2,"minecraft:pillager":1,"undead_revamp2:theswarmer":1},"minecraft:dropped":{"minecraft:feather":3,"minecraft:rotten_flesh":2,"minecraft:brown_wool":1,"delightful:bone_knife":1,"gravestone:obituary":5}},"DataVersion":3465}