{"stats":{"minecraft:custom":{"minecraft:mob_kills":34,"minecraft:interact_with_crafting_table":40,"minecraft:open_barrel":4,"minecraft:bell_ring":7,"minecraft:damage_dealt_resisted":170,"minecraft:leave_game":4,"minecraft:time_since_death":98777,"minecraft:climb_one_cm":2262,"minecraft:sprint_one_cm":601409,"minecraft:walk_one_cm":891797,"minecraft:damage_blocked_by_shield":3225,"minecraft:drop":23,"minecraft:talked_to_villager":12,"minecraft:play_time":259068,"minecraft:sneak_time":6662,"minecraft:deaths":11,"minecraft:walk_under_water_one_cm":30267,"minecraft:jump":3405,"minecraft:interact_with_brewingstand":1,"minecraft:walk_on_water_one_cm":31242,"minecraft:total_world_time":259068,"minecraft:interact_with_furnace":82,"minecraft:interact_with_cartography_table":1,"minecraft:sleep_in_bed":10,"minecraft:time_since_rest":57834,"minecraft:damage_taken":4163,"minecraft:damage_dealt":6000,"minecraft:swim_one_cm":44031,"minecraft:fly_one_cm":406533,"minecraft:open_chest":23,"minecraft:crouch_one_cm":22134,"minecraft:fall_one_cm":79436},"minecraft:used":{"alexsmobs:emu_egg":2,"minecraft:stone_sword":105,"butchersdelightfoods:cookedporkloin":1,"minecraft:stone_shovel":120,"minecraft:chest":1,"minecraft:shield":22,"minecraft:iron_sword":18,"minecraft:wooden_shovel":29,"minecraft:cooked_chicken":4,"minecraft:rotten_flesh":10,"butchersdelightfoods:cooked_leg_cow":1,"minecraft:torch":72,"minecraft:dirt":66,"born_in_chaos_v1:corpse_maggot":12,"minecraft:glass":56,"delightful:bone_knife":21,"biomesoplenty:jacaranda_log":6,"biomesoplenty:jacaranda_sapling":2,"minecraft:furnace":4,"minecraft:egg":5,"biomesoplenty:jacaranda_door":1,"minecraft:diorite":1,"minecraft:stone_pickaxe":279,"minecraft:oak_planks":16,"butchersdelightfoods:cookedsheepshank":1,"minecraft:crafting_table":9,"minecraft:white_bed":10,"decorative_blocks:chandelier":1,"biomesoplenty:jacaranda_planks":261,"minecraft:melon_slice":30,"minecraft:bread":11,"minecraft:iron_pickaxe":283,"minecraft:stone_axe":327,"butchersdelightfoods:cookedsheeprack":1,"minecraft:cobblestone":234,"minecraft:white_banner":2},"minecraft:mined":{"minecraft:tuff":1,"minecraft:white_bed":5,"biomesoplenty:desert_grass":1,"gravestone:gravestone":8,"minecraft:acacia_log":9,"minecraft:grass_block":59,"born_in_chaos_v1:black_argillite":1,"biomesoplenty:flowering_oak_leaves":2,"minecraft:spawner":1,"minecraft:large_fern":3,"biomesoplenty:jacaranda_log":80,"biomesoplenty:tall_lavender":1,"minecraft:furnace":1,"minecraft:iron_ore":29,"biomesoplenty:lavender":1,"minecraft:big_dripleaf_stem":1,"minecraft:deepslate_iron_ore":2,"minecraft:vine":1,"biomesoplenty:jacaranda_door":1,"minecraft:stone":178,"biomesoplenty:jacaranda_leaves":27,"minecraft:lily_of_the_valley":1,"biomesoplenty:jacaranda_planks":139,"biomesoplenty:black_sand":3,"minecraft:crafting_table":5,"minecraft:torch":11,"biomesoplenty:stripped_jacaranda_log":1,"minecraft:copper_ore":7,"minecraft:glass":7,"minecraft:tall_grass":4,"minecraft:cobblestone":106,"minecraft:diorite":11,"minecraft:wall_torch":17,"minecraft:big_dripleaf":1,"butchersdelight:deadcowblock":1,"minecraft:birch_leaves":7,"minecraft:grass":142,"minecraft:coal_ore":76,"minecraft:gravel":5,"minecraft:sand":67,"minecraft:dirt":31,"minecraft:cobweb":1,"minecraft:oak_leaves":20,"minecraft:deepslate":96,"minecraft:fern":3},"minecraft:picked_up":{"minecraft:crafting_table":5,"butchersdelightfoods:legcow":1,"minecraft:chicken":4,"biomesoplenty:jacaranda_sapling":10,"minecraft:string":5,"minecraft:raw_copper":24,"born_in_chaos_v1:intoxicating_decoction":2,"biomesoplenty:tall_lavender":1,"butchersdelight:dead_cow":1,"minecraft:cobbled_deepslate":84,"minecraft:melon_slice":43,"minecraft:furnace":1,"minecraft:egg":5,"minecraft:stick":12,"minecraft:raw_iron":31,"minecraft:big_dripleaf":4,"minecraft:torch":29,"minecraft:acacia_log":10,"arphex:maggot_grub":1,"minecraft:diorite":12,"minecraft:arrow":5,"butchersdelight:deadsheep":2,"minecraft:rotten_flesh":11,"biomesoplenty:jacaranda_log":86,"alexsmobs:emu_egg":2,"butchersdelightfoods:sheeprack":1,"minecraft:white_wool":14,"minecraft:cobblestone":286,"biomesoplenty:lavender":1,"born_in_chaos_v1:corpse_maggot":12,"minecraft:feather":9,"delightful:animal_fat":3,"minecraft:brown_wool":1,"biomesoplenty:jacaranda_door":1,"alexsmobs:cachalot_whale_tooth":1,"butchersdelight:deadpig":1,"minecraft:tuff":1,"minecraft:oak_log":19,"biomesoplenty:jacaranda_planks":128,"minecraft:dirt":89,"minecraft:white_banner":2,"butchersdelight:deadchiken":4,"minecraft:bone":7,"minecraft:bow":1,"minecraft:wheat_seeds":37,"minecraft:iron_ingot":1,"minecraft:acacia_sapling":5,"born_in_chaos_v1:ethereal_spirit":1,"minecraft:gravel":1,"butchersdelight:cow_hide":1,"butchersdelightfoods:porkloin":1,"minecraft:sand":67,"minecraft:white_bed":9,"minecraft:lily_of_the_valley":1,"butchersdelight:sheephide":5,"minecraft:sugar":3,"butchersdelightfoods:sheepshank":1,"minecraft:black_wool":1,"minecraft:coal":75,"biomesoplenty:stripped_jacaranda_log":1},"minecraft:broken":{"minecraft:wooden_shovel":1,"minecraft:stone_sword":1,"minecraft:stone_pickaxe":2,"minecraft:shield":1,"minecraft:stone_axe":2,"minecraft:iron_pickaxe":1},"minecraft:killed_by":{"born_in_chaos_v1:restless_spirit":1,"graveyard:ghoul":1,"born_in_chaos_v1:baby_spider":1,"minecraft:pillager":1,"undead_revamp2:theswarmer":1,"man:managgresive":1,"undead_revamp2:therod":1,"minecraft:skeleton":1,"minecraft:zombie":2},"minecraft:crafted":{"minecraft:oak_planks":76,"minecraft:stone_shovel":2,"delightful:bone_knife":2,"minecraft:cooked_chicken":4,"minecraft:furnace":3,"butchersdelightfoods:cookedsheepshank":1,"decorative_blocks:chandelier":1,"butchersdelightfoods:cooked_leg_cow":1,"minecraft:glass":40,"minecraft:stone_pickaxe":1,"minecraft:chest":2,"sophisticatedbackpacks:backpack":1,"biomesoplenty:jacaranda_planks":84,"minecraft:crafting_table":5,"minecraft:iron_helmet":1,"minecraft:iron_sword":1,"minecraft:stone_axe":2,"butchersdelightfoods:cookedsheeprack":1,"minecraft:air":0,"minecraft:iron_chestplate":1,"minecraft:charcoal":50,"minecraft:shield":1,"minecraft:stick":24,"minecraft:iron_ingot":31,"minecraft:iron_pickaxe":2,"minecraft:iron_leggings":1,"minecraft:white_bed":2,"minecraft:torch":72,"minecraft:shears":1,"butchersdelightfoods:cookedporkloin":1},"minecraft:killed":{"undead_revamp2:thewolf":1,"undead_revamp2:thehunter":1,"minecraft:witch":1,"born_in_chaos_v1:restless_spirit":1,"minecraft:spider":2,"minecraft:skeleton":4,"minecraft:drowned":1,"undead_revamp2:the_moonflower":3,"minecraft:creeper":1,"minecraft:sheep":2,"minecraft:pillager":1,"minecraft:zombie":6,"born_in_chaos_v1:corpse_fly":8,"alexsmobs:fly":1,"arphex:fly_festerer":1},"minecraft:dropped":{"minecraft:feather":3,"minecraft:cobblestone":7,"minecraft:granite":2,"minecraft:diorite":2,"minecraft:brown_wool":1,"gravestone:obituary":7,"minecraft:rotten_flesh":2,"sophisticatedbackpacks:backpack":1,"delightful:bone_knife":1,"delightful:animal_fat":3}},"DataVersion":3465}