{"stats":{"minecraft:custom":{"minecraft:jump":17,"minecraft:time_since_rest":1877,"minecraft:damage_dealt":70,"minecraft:crouch_one_cm":89,"minecraft:deaths":1,"minecraft:sprint_one_cm":2017,"minecraft:play_time":4983,"minecraft:damage_taken":290,"minecraft:time_since_death":551,"minecraft:walk_one_cm":4926,"minecraft:sneak_time":11,"minecraft:total_world_time":4983,"minecraft:fall_one_cm":2716,"minecraft:fly_one_cm":793},"minecraft:mined":{"minecraft:birch_leaves":2},"minecraft:killed_by":{"minecraft:zombie":1}},"DataVersion":3465}