{"stats":{"minecraft:custom":{"minecraft:time_since_rest":11690,"minecraft:interact_with_furnace":8,"minecraft:sprint_one_cm":60805,"minecraft:damage_taken":1367,"minecraft:walk_one_cm":94255,"minecraft:mob_kills":4,"minecraft:drop":2,"minecraft:damage_dealt":1053,"minecraft:swim_one_cm":4769,"minecraft:interact_with_crafting_table":3,"minecraft:fly_one_cm":34338,"minecraft:open_chest":3,"minecraft:crouch_one_cm":166,"minecraft:play_time":28983,"minecraft:deaths":5,"minecraft:sneak_time":27,"minecraft:walk_under_water_one_cm":1866,"minecraft:jump":294,"minecraft:walk_on_water_one_cm":1201,"minecraft:time_since_death":11646,"minecraft:total_world_time":28983,"minecraft:climb_one_cm":188,"minecraft:fall_one_cm":11904},"minecraft:used":{"born_in_chaos_v1:corpse_maggot":1,"minecraft:stone_sword":19,"minecraft:chest":1,"minecraft:rotten_flesh":4,"minecraft:stone_axe":36,"minecraft:white_banner":1,"biomesoplenty:jacaranda_planks":1},"minecraft:mined":{"biomesoplenty:jacaranda_leaves":1,"biomesoplenty:jacaranda_log":29,"butchersdelight:deadcowblock":1,"biomesoplenty:jacaranda_planks":1,"biomesoplenty:lavender":1,"minecraft:birch_leaves":6,"gravestone:gravestone":2,"minecraft:grass_block":2,"biomesoplenty:flowering_oak_leaves":2,"minecraft:oak_leaves":9},"minecraft:picked_up":{"biomesoplenty:lavender":1,"born_in_chaos_v1:corpse_maggot":1,"born_in_chaos_v1:ethereal_spirit":1,"biomesoplenty:jacaranda_planks":1,"minecraft:dirt":2,"minecraft:white_banner":1,"butchersdelight:dead_cow":1,"biomesoplenty:jacaranda_log":28,"minecraft:egg":2},"minecraft:crafted":{"minecraft:charcoal":13,"minecraft:chest":1,"minecraft:air":0},"minecraft:killed":{"minecraft:pillager":1,"born_in_chaos_v1:restless_spirit":1,"born_in_chaos_v1:corpse_fly":1,"undead_revamp2:the_moonflower":1},"minecraft:killed_by":{"man:managgresive":1,"born_in_chaos_v1:restless_spirit":1,"graveyard:ghoul":1,"minecraft:zombie":1,"minecraft:pillager":1},"minecraft:dropped":{"gravestone:obituary":2}},"DataVersion":3465}