{"stats":{"minecraft:custom":{"minecraft:interact_with_furnace":19,"minecraft:mob_kills":8,"minecraft:interact_with_crafting_table":7,"minecraft:time_since_death":4298,"minecraft:climb_one_cm":188,"minecraft:time_since_rest":4329,"minecraft:sprint_one_cm":147604,"minecraft:damage_taken":2512,"minecraft:walk_one_cm":236330,"minecraft:drop":7,"minecraft:damage_dealt":1530,"minecraft:swim_one_cm":8206,"minecraft:fly_one_cm":77017,"minecraft:open_chest":9,"minecraft:crouch_one_cm":4531,"minecraft:play_time":64983,"minecraft:deaths":9,"minecraft:sneak_time":1401,"minecraft:walk_under_water_one_cm":3752,"minecraft:jump":791,"minecraft:walk_on_water_one_cm":2489,"minecraft:total_world_time":64983,"minecraft:fall_one_cm":21450},"minecraft:used":{"biomesoplenty:jacaranda_door":1,"minecraft:stone_sword":28,"minecraft:stone_pickaxe":46,"minecraft:chest":1,"minecraft:cooked_chicken":1,"minecraft:rotten_flesh":4,"butchersdelightfoods:cooked_leg_cow":1,"minecraft:torch":3,"minecraft:dirt":15,"minecraft:crafting_table":2,"biomesoplenty:jacaranda_planks":67,"born_in_chaos_v1:corpse_maggot":1,"delightful:bone_knife":6,"minecraft:stone_axe":146,"biomesoplenty:jacaranda_sapling":2,"minecraft:cobblestone":16,"minecraft:white_banner":1},"minecraft:mined":{"biomesoplenty:jacaranda_leaves":27,"biomesoplenty:jacaranda_planks":3,"minecraft:lily_of_the_valley":1,"minecraft:torch":1,"gravestone:gravestone":6,"minecraft:grass_block":10,"biomesoplenty:flowering_oak_leaves":2,"minecraft:tall_grass":2,"minecraft:cobblestone":1,"minecraft:diorite":1,"minecraft:wall_torch":2,"biomesoplenty:jacaranda_log":75,"biomesoplenty:tall_lavender":1,"butchersdelight:deadcowblock":1,"minecraft:iron_ore":5,"biomesoplenty:lavender":1,"minecraft:birch_leaves":6,"minecraft:grass":38,"biomesoplenty:jacaranda_door":1,"minecraft:dirt":5,"minecraft:stone":38,"minecraft:oak_leaves":10},"minecraft:picked_up":{"biomesoplenty:lavender":1,"born_in_chaos_v1:corpse_maggot":1,"minecraft:feather":3,"butchersdelightfoods:legcow":1,"minecraft:chicken":1,"biomesoplenty:jacaranda_door":1,"biomesoplenty:jacaranda_sapling":10,"minecraft:oak_log":19,"biomesoplenty:jacaranda_planks":3,"minecraft:string":1,"minecraft:dirt":14,"minecraft:white_banner":1,"butchersdelight:deadchiken":1,"biomesoplenty:tall_lavender":1,"minecraft:bone":2,"butchersdelight:dead_cow":1,"minecraft:bow":1,"minecraft:wheat_seeds":7,"minecraft:iron_ingot":1,"minecraft:egg":3,"minecraft:raw_iron":5,"minecraft:stick":8,"minecraft:torch":3,"born_in_chaos_v1:ethereal_spirit":1,"butchersdelight:cow_hide":1,"minecraft:diorite":2,"minecraft:lily_of_the_valley":1,"minecraft:arrow":3,"minecraft:rotten_flesh":4,"biomesoplenty:jacaranda_log":81,"minecraft:cobblestone":39},"minecraft:broken":{"minecraft:stone_axe":1},"minecraft:killed":{"born_in_chaos_v1:restless_spirit":1,"minecraft:spider":1,"undead_revamp2:the_moonflower":1,"minecraft:skeleton":1,"minecraft:pillager":1,"minecraft:zombie":1,"born_in_chaos_v1:corpse_fly":1,"alexsmobs:fly":1},"minecraft:crafted":{"minecraft:oak_planks":76,"delightful:bone_knife":1,"minecraft:crafting_table":2,"minecraft:cooked_chicken":1,"minecraft:stone_axe":1,"butchersdelightfoods:cooked_leg_cow":1,"minecraft:air":0,"minecraft:charcoal":29,"minecraft:shield":1,"minecraft:stick":4,"minecraft:chest":1},"minecraft:killed_by":{"man:managgresive":1,"born_in_chaos_v1:restless_spirit":1,"undead_revamp2:therod":1,"minecraft:skeleton":1,"graveyard:ghoul":1,"minecraft:zombie":2,"minecraft:pillager":1,"undead_revamp2:theswarmer":1},"minecraft:dropped":{"minecraft:feather":1,"delightful:bone_knife":1,"gravestone:obituary":5}},"DataVersion":3465}