{"stats":{"minecraft:custom":{"minecraft:mob_kills":28,"minecraft:interact_with_crafting_table":26,"minecraft:damage_dealt_resisted":170,"minecraft:leave_game":2,"minecraft:time_since_death":18989,"minecraft:climb_one_cm":408,"minecraft:sprint_one_cm":344761,"minecraft:walk_one_cm":558103,"minecraft:damage_blocked_by_shield":2835,"minecraft:drop":14,"minecraft:play_time":155177,"minecraft:sneak_time":3258,"minecraft:deaths":10,"minecraft:walk_under_water_one_cm":19169,"minecraft:jump":1692,"minecraft:walk_on_water_one_cm":11618,"minecraft:total_world_time":155177,"minecraft:interact_with_furnace":76,"minecraft:sleep_in_bed":7,"minecraft:time_since_rest":6572,"minecraft:damage_taken":3237,"minecraft:damage_dealt":4522,"minecraft:swim_one_cm":30276,"minecraft:fly_one_cm":180860,"minecraft:open_chest":11,"minecraft:crouch_one_cm":13114,"minecraft:fall_one_cm":44008},"minecraft:used":{"minecraft:stone_sword":95,"butchersdelightfoods:cookedporkloin":1,"minecraft:stone_shovel":99,"minecraft:chest":1,"minecraft:shield":17,"minecraft:wooden_shovel":29,"minecraft:rotten_flesh":7,"minecraft:cooked_chicken":4,"butchersdelightfoods:cooked_leg_cow":1,"minecraft:torch":12,"minecraft:dirt":50,"born_in_chaos_v1:corpse_maggot":10,"minecraft:glass":56,"delightful:bone_knife":21,"biomesoplenty:jacaranda_log":6,"biomesoplenty:jacaranda_sapling":2,"minecraft:furnace":4,"minecraft:egg":2,"biomesoplenty:jacaranda_door":1,"minecraft:stone_pickaxe":184,"butchersdelightfoods:cookedsheepshank":1,"minecraft:crafting_table":4,"minecraft:white_bed":10,"decorative_blocks:chandelier":1,"biomesoplenty:jacaranda_planks":261,"minecraft:stone_axe":297,"butchersdelightfoods:cookedsheeprack":1,"minecraft:cobblestone":16,"minecraft:white_banner":2},"minecraft:mined":{"minecraft:white_bed":5,"gravestone:gravestone":7,"minecraft:grass_block":41,"born_in_chaos_v1:black_argillite":1,"biomesoplenty:flowering_oak_leaves":2,"biomesoplenty:jacaranda_log":80,"biomesoplenty:tall_lavender":1,"minecraft:furnace":1,"minecraft:iron_ore":13,"biomesoplenty:lavender":1,"minecraft:big_dripleaf_stem":1,"biomesoplenty:jacaranda_door":1,"minecraft:stone":86,"biomesoplenty:jacaranda_leaves":27,"minecraft:lily_of_the_valley":1,"biomesoplenty:jacaranda_planks":139,"biomesoplenty:black_sand":3,"minecraft:crafting_table":1,"minecraft:torch":5,"biomesoplenty:stripped_jacaranda_log":1,"minecraft:tall_grass":4,"minecraft:glass":7,"minecraft:copper_ore":7,"minecraft:cobblestone":1,"minecraft:diorite":1,"minecraft:wall_torch":2,"minecraft:big_dripleaf":1,"butchersdelight:deadcowblock":1,"minecraft:birch_leaves":7,"minecraft:grass":135,"minecraft:coal_ore":36,"minecraft:gravel":5,"minecraft:sand":67,"minecraft:dirt":13,"minecraft:oak_leaves":17,"minecraft:fern":1},"minecraft:picked_up":{"minecraft:crafting_table":1,"butchersdelightfoods:legcow":1,"minecraft:chicken":4,"biomesoplenty:jacaranda_sapling":10,"minecraft:string":4,"minecraft:raw_copper":24,"biomesoplenty:tall_lavender":1,"butchersdelight:dead_cow":1,"minecraft:egg":5,"minecraft:furnace":1,"minecraft:raw_iron":13,"minecraft:stick":8,"minecraft:big_dripleaf":2,"minecraft:torch":10,"arphex:maggot_grub":1,"minecraft:diorite":2,"minecraft:arrow":3,"butchersdelight:deadsheep":2,"minecraft:rotten_flesh":8,"biomesoplenty:jacaranda_log":86,"butchersdelightfoods:sheeprack":1,"minecraft:white_wool":14,"minecraft:cobblestone":87,"biomesoplenty:lavender":1,"born_in_chaos_v1:corpse_maggot":10,"minecraft:feather":9,"delightful:animal_fat":3,"minecraft:brown_wool":1,"biomesoplenty:jacaranda_door":1,"alexsmobs:cachalot_whale_tooth":1,"butchersdelight:deadpig":1,"minecraft:oak_log":19,"biomesoplenty:jacaranda_planks":128,"minecraft:dirt":53,"minecraft:white_banner":2,"butchersdelight:deadchiken":4,"minecraft:bone":3,"minecraft:bow":1,"minecraft:wheat_seeds":19,"minecraft:iron_ingot":1,"born_in_chaos_v1:ethereal_spirit":1,"butchersdelight:cow_hide":1,"butchersdelightfoods:porkloin":1,"minecraft:sand":67,"minecraft:white_bed":9,"minecraft:lily_of_the_valley":1,"butchersdelight:sheephide":2,"butchersdelightfoods:sheepshank":1,"minecraft:black_wool":1,"biomesoplenty:stripped_jacaranda_log":1,"minecraft:coal":36},"minecraft:broken":{"minecraft:wooden_shovel":1,"minecraft:stone_pickaxe":1,"minecraft:stone_axe":2},"minecraft:killed_by":{"born_in_chaos_v1:restless_spirit":1,"graveyard:ghoul":1,"minecraft:pillager":1,"undead_revamp2:theswarmer":1,"man:managgresive":1,"undead_revamp2:therod":1,"minecraft:skeleton":1,"minecraft:zombie":2},"minecraft:crafted":{"minecraft:oak_planks":76,"minecraft:stone_shovel":1,"delightful:bone_knife":2,"minecraft:cooked_chicken":4,"minecraft:furnace":3,"butchersdelightfoods:cookedsheepshank":1,"decorative_blocks:chandelier":1,"butchersdelightfoods:cooked_leg_cow":1,"minecraft:glass":40,"minecraft:stone_pickaxe":1,"minecraft:chest":1,"biomesoplenty:jacaranda_planks":84,"minecraft:crafting_table":3,"minecraft:stone_axe":2,"butchersdelightfoods:cookedsheeprack":1,"minecraft:air":0,"minecraft:charcoal":50,"minecraft:shield":1,"minecraft:stick":12,"minecraft:iron_ingot":13,"minecraft:white_bed":2,"minecraft:torch":28,"minecraft:shears":1,"butchersdelightfoods:cookedporkloin":1},"minecraft:killed":{"undead_revamp2:thewolf":1,"undead_revamp2:thehunter":1,"born_in_chaos_v1:restless_spirit":1,"minecraft:spider":1,"minecraft:skeleton":2,"minecraft:drowned":1,"undead_revamp2:the_moonflower":3,"minecraft:creeper":1,"minecraft:sheep":2,"minecraft:pillager":1,"minecraft:zombie":5,"born_in_chaos_v1:corpse_fly":7,"alexsmobs:fly":1,"arphex:fly_festerer":1},"minecraft:dropped":{"minecraft:feather":3,"minecraft:granite":2,"minecraft:diorite":2,"minecraft:brown_wool":1,"gravestone:obituary":6,"minecraft:rotten_flesh":2,"delightful:bone_knife":1,"delightful:animal_fat":3}},"DataVersion":3465}