{"stats":{"minecraft:custom":{"minecraft:interact_with_furnace":28,"minecraft:mob_kills":14,"minecraft:interact_with_crafting_table":9,"minecraft:damage_dealt_resisted":80,"minecraft:leave_game":2,"minecraft:time_since_death":16492,"minecraft:climb_one_cm":188,"minecraft:time_since_rest":16523,"minecraft:sprint_one_cm":182322,"minecraft:damage_taken":2692,"minecraft:walk_one_cm":262463,"minecraft:drop":7,"minecraft:damage_dealt":2310,"minecraft:swim_one_cm":8206,"minecraft:fly_one_cm":92958,"minecraft:open_chest":9,"minecraft:crouch_one_cm":5298,"minecraft:play_time":77177,"minecraft:deaths":9,"minecraft:sneak_time":1549,"minecraft:walk_under_water_one_cm":3752,"minecraft:jump":907,"minecraft:walk_on_water_one_cm":2723,"minecraft:total_world_time":77177,"minecraft:fall_one_cm":25467},"minecraft:used":{"biomesoplenty:jacaranda_door":1,"minecraft:stone_sword":51,"minecraft:stone_pickaxe":46,"minecraft:chest":1,"minecraft:cooked_chicken":1,"minecraft:rotten_flesh":7,"butchersdelightfoods:cooked_leg_cow":1,"minecraft:torch":3,"minecraft:dirt":21,"minecraft:crafting_table":3,"biomesoplenty:jacaranda_planks":67,"born_in_chaos_v1:corpse_maggot":10,"delightful:bone_knife":6,"biomesoplenty:jacaranda_log":6,"minecraft:stone_axe":146,"biomesoplenty:jacaranda_sapling":2,"minecraft:cobblestone":16,"minecraft:white_banner":1,"minecraft:furnace":1},"minecraft:mined":{"biomesoplenty:jacaranda_leaves":27,"biomesoplenty:jacaranda_planks":3,"minecraft:lily_of_the_valley":1,"minecraft:torch":1,"gravestone:gravestone":6,"minecraft:grass_block":10,"biomesoplenty:flowering_oak_leaves":2,"minecraft:tall_grass":2,"minecraft:cobblestone":1,"minecraft:diorite":1,"minecraft:wall_torch":2,"biomesoplenty:jacaranda_log":75,"biomesoplenty:tall_lavender":1,"butchersdelight:deadcowblock":1,"minecraft:iron_ore":5,"biomesoplenty:lavender":1,"minecraft:birch_leaves":7,"minecraft:grass":38,"biomesoplenty:jacaranda_door":1,"minecraft:dirt":5,"minecraft:stone":38,"minecraft:oak_leaves":10},"minecraft:picked_up":{"biomesoplenty:lavender":1,"born_in_chaos_v1:corpse_maggot":10,"minecraft:feather":3,"butchersdelightfoods:legcow":1,"minecraft:chicken":1,"biomesoplenty:jacaranda_door":1,"biomesoplenty:jacaranda_sapling":10,"butchersdelight:deadpig":1,"minecraft:oak_log":19,"biomesoplenty:jacaranda_planks":3,"minecraft:dirt":14,"minecraft:string":1,"minecraft:white_banner":1,"butchersdelight:deadchiken":3,"biomesoplenty:tall_lavender":1,"minecraft:bone":2,"butchersdelight:dead_cow":1,"minecraft:bow":1,"minecraft:wheat_seeds":7,"minecraft:iron_ingot":1,"minecraft:egg":5,"minecraft:stick":8,"minecraft:raw_iron":5,"minecraft:torch":3,"born_in_chaos_v1:ethereal_spirit":1,"butchersdelight:cow_hide":1,"minecraft:diorite":2,"minecraft:lily_of_the_valley":1,"minecraft:arrow":3,"minecraft:rotten_flesh":4,"biomesoplenty:jacaranda_log":81,"minecraft:white_wool":4,"minecraft:cobblestone":39},"minecraft:broken":{"minecraft:stone_axe":1},"minecraft:killed":{"born_in_chaos_v1:restless_spirit":1,"undead_revamp2:the_moonflower":1,"minecraft:spider":1,"minecraft:skeleton":1,"minecraft:pillager":1,"minecraft:zombie":1,"born_in_chaos_v1:corpse_fly":7,"alexsmobs:fly":1},"minecraft:crafted":{"minecraft:oak_planks":76,"delightful:bone_knife":1,"minecraft:crafting_table":3,"minecraft:cooked_chicken":1,"minecraft:furnace":1,"minecraft:stone_axe":1,"butchersdelightfoods:cooked_leg_cow":1,"minecraft:air":0,"minecraft:charcoal":30,"minecraft:shield":1,"minecraft:stick":4,"minecraft:iron_ingot":5,"minecraft:chest":1,"minecraft:shears":1},"minecraft:killed_by":{"man:managgresive":1,"born_in_chaos_v1:restless_spirit":1,"undead_revamp2:therod":1,"minecraft:skeleton":1,"graveyard:ghoul":1,"minecraft:zombie":2,"minecraft:pillager":1,"undead_revamp2:theswarmer":1},"minecraft:dropped":{"minecraft:feather":1,"delightful:bone_knife":1,"gravestone:obituary":5}},"DataVersion":3465}