{"stats":{"minecraft:custom":{"minecraft:interact_with_furnace":19,"minecraft:mob_kills":5,"minecraft:interact_with_crafting_table":5,"minecraft:time_since_death":16733,"minecraft:climb_one_cm":188,"minecraft:time_since_rest":16799,"minecraft:sprint_one_cm":103132,"minecraft:damage_taken":1757,"minecraft:walk_one_cm":197303,"minecraft:drop":4,"minecraft:damage_dealt":1113,"minecraft:swim_one_cm":8206,"minecraft:fly_one_cm":58159,"minecraft:open_chest":9,"minecraft:crouch_one_cm":4482,"minecraft:play_time":52983,"minecraft:deaths":6,"minecraft:sneak_time":1387,"minecraft:walk_under_water_one_cm":3752,"minecraft:jump":532,"minecraft:walk_on_water_one_cm":2489,"minecraft:total_world_time":52983,"minecraft:fall_one_cm":18180},"minecraft:used":{"biomesoplenty:jacaranda_door":1,"minecraft:stone_sword":21,"minecraft:stone_pickaxe":32,"minecraft:chest":1,"minecraft:cooked_chicken":1,"minecraft:rotten_flesh":4,"butchersdelightfoods:cooked_leg_cow":1,"minecraft:torch":2,"minecraft:dirt":4,"biomesoplenty:jacaranda_planks":67,"born_in_chaos_v1:corpse_maggot":1,"delightful:bone_knife":6,"minecraft:stone_axe":146,"biomesoplenty:jacaranda_sapling":2,"minecraft:cobblestone":11,"minecraft:white_banner":1},"minecraft:mined":{"biomesoplenty:jacaranda_leaves":27,"biomesoplenty:jacaranda_planks":3,"minecraft:lily_of_the_valley":1,"minecraft:torch":1,"gravestone:gravestone":3,"minecraft:grass_block":10,"biomesoplenty:flowering_oak_leaves":2,"minecraft:tall_grass":2,"minecraft:cobblestone":1,"minecraft:diorite":1,"minecraft:wall_torch":1,"biomesoplenty:jacaranda_log":75,"biomesoplenty:tall_lavender":1,"butchersdelight:deadcowblock":1,"biomesoplenty:lavender":1,"minecraft:birch_leaves":6,"minecraft:grass":38,"biomesoplenty:jacaranda_door":1,"minecraft:dirt":4,"minecraft:stone":29,"minecraft:oak_leaves":10},"minecraft:picked_up":{"biomesoplenty:lavender":1,"born_in_chaos_v1:corpse_maggot":1,"minecraft:feather":3,"butchersdelightfoods:legcow":1,"minecraft:chicken":1,"biomesoplenty:jacaranda_door":1,"biomesoplenty:jacaranda_sapling":10,"biomesoplenty:jacaranda_planks":3,"minecraft:dirt":13,"minecraft:white_banner":1,"butchersdelight:deadchiken":1,"biomesoplenty:tall_lavender":1,"minecraft:bone":1,"butchersdelight:dead_cow":1,"minecraft:wheat_seeds":7,"minecraft:egg":3,"minecraft:stick":8,"minecraft:torch":2,"born_in_chaos_v1:ethereal_spirit":1,"butchersdelight:cow_hide":1,"minecraft:diorite":1,"minecraft:lily_of_the_valley":1,"biomesoplenty:jacaranda_log":81,"minecraft:cobblestone":30},"minecraft:broken":{"minecraft:stone_axe":1},"minecraft:killed":{"born_in_chaos_v1:restless_spirit":1,"undead_revamp2:the_moonflower":1,"minecraft:pillager":1,"born_in_chaos_v1:corpse_fly":1,"alexsmobs:fly":1},"minecraft:crafted":{"delightful:bone_knife":1,"minecraft:cooked_chicken":1,"minecraft:stone_axe":1,"butchersdelightfoods:cooked_leg_cow":1,"minecraft:air":0,"minecraft:charcoal":29,"minecraft:stick":4,"minecraft:chest":1},"minecraft:killed_by":{"man:managgresive":1,"born_in_chaos_v1:restless_spirit":1,"undead_revamp2:therod":1,"graveyard:ghoul":1,"minecraft:zombie":1,"minecraft:pillager":1},"minecraft:dropped":{"minecraft:feather":1,"delightful:bone_knife":1,"gravestone:obituary":2}},"DataVersion":3465}