{"stats":{"minecraft:custom":{"minecraft:open_chest":1,"minecraft:time_since_rest":10934,"minecraft:interact_with_furnace":2,"minecraft:crouch_one_cm":137,"minecraft:play_time":16983,"minecraft:sprint_one_cm":40796,"minecraft:walk_one_cm":40886,"minecraft:damage_taken":1255,"minecraft:deaths":4,"minecraft:sneak_time":16,"minecraft:walk_under_water_one_cm":216,"minecraft:mob_kills":3,"minecraft:jump":163,"minecraft:damage_dealt":763,"minecraft:time_since_death":8907,"minecraft:walk_on_water_one_cm":635,"minecraft:total_world_time":16983,"minecraft:swim_one_cm":4069,"minecraft:fall_one_cm":8843,"minecraft:fly_one_cm":26200},"minecraft:used":{"minecraft:stone_axe":14,"minecraft:stone_sword":12,"minecraft:white_banner":1,"born_in_chaos_v1:corpse_maggot":1,"minecraft:rotten_flesh":4},"minecraft:mined":{"biomesoplenty:jacaranda_log":14,"minecraft:grass_block":2,"minecraft:birch_leaves":6,"minecraft:oak_leaves":3},"minecraft:picked_up":{"minecraft:white_banner":1,"born_in_chaos_v1:corpse_maggot":1,"biomesoplenty:jacaranda_log":14,"minecraft:dirt":2,"minecraft:egg":1},"minecraft:killed_by":{"man:managgresive":1,"graveyard:ghoul":1,"minecraft:zombie":1,"born_in_chaos_v1:restless_spirit":1},"minecraft:killed":{"minecraft:pillager":1,"born_in_chaos_v1:corpse_fly":1,"undead_revamp2:the_moonflower":1}},"DataVersion":3465}