{"stats":{"minecraft:custom":{"minecraft:mob_kills":30,"minecraft:open_barrel":1,"minecraft:interact_with_crafting_table":30,"minecraft:damage_dealt_resisted":170,"minecraft:leave_game":4,"minecraft:time_since_death":29081,"minecraft:climb_one_cm":1238,"minecraft:sprint_one_cm":490426,"minecraft:walk_one_cm":707563,"minecraft:damage_blocked_by_shield":2835,"minecraft:drop":16,"minecraft:talked_to_villager":8,"minecraft:play_time":189372,"minecraft:deaths":11,"minecraft:sneak_time":3868,"minecraft:walk_under_water_one_cm":29424,"minecraft:jump":2348,"minecraft:interact_with_brewingstand":1,"minecraft:walk_on_water_one_cm":24618,"minecraft:total_world_time":189372,"minecraft:interact_with_furnace":76,"minecraft:interact_with_cartography_table":1,"minecraft:sleep_in_bed":9,"minecraft:time_since_rest":13338,"minecraft:damage_taken":3454,"minecraft:damage_dealt":4883,"minecraft:swim_one_cm":40772,"minecraft:fly_one_cm":290548,"minecraft:open_chest":17,"minecraft:crouch_one_cm":15758,"minecraft:fall_one_cm":58548},"minecraft:used":{"minecraft:stone_sword":100,"butchersdelightfoods:cookedporkloin":1,"minecraft:stone_shovel":99,"minecraft:chest":1,"minecraft:shield":17,"minecraft:wooden_shovel":29,"minecraft:cooked_chicken":4,"minecraft:rotten_flesh":7,"butchersdelightfoods:cooked_leg_cow":1,"minecraft:torch":12,"minecraft:dirt":62,"born_in_chaos_v1:corpse_maggot":10,"minecraft:glass":56,"delightful:bone_knife":21,"biomesoplenty:jacaranda_log":6,"biomesoplenty:jacaranda_sapling":2,"minecraft:furnace":4,"minecraft:egg":2,"biomesoplenty:jacaranda_door":1,"minecraft:stone_pickaxe":185,"butchersdelightfoods:cookedsheepshank":1,"minecraft:crafting_table":5,"minecraft:white_bed":10,"decorative_blocks:chandelier":1,"biomesoplenty:jacaranda_planks":261,"minecraft:bread":8,"minecraft:stone_axe":306,"butchersdelightfoods:cookedsheeprack":1,"minecraft:cobblestone":16,"minecraft:white_banner":2},"minecraft:mined":{"minecraft:white_bed":5,"gravestone:gravestone":8,"minecraft:grass_block":44,"born_in_chaos_v1:black_argillite":1,"biomesoplenty:flowering_oak_leaves":2,"minecraft:spawner":1,"minecraft:large_fern":3,"biomesoplenty:jacaranda_log":80,"biomesoplenty:tall_lavender":1,"minecraft:furnace":1,"minecraft:iron_ore":13,"biomesoplenty:lavender":1,"minecraft:big_dripleaf_stem":1,"minecraft:vine":1,"biomesoplenty:jacaranda_door":1,"minecraft:stone":86,"biomesoplenty:jacaranda_leaves":27,"minecraft:lily_of_the_valley":1,"biomesoplenty:jacaranda_planks":139,"biomesoplenty:black_sand":3,"minecraft:crafting_table":2,"minecraft:torch":5,"biomesoplenty:stripped_jacaranda_log":1,"minecraft:tall_grass":4,"minecraft:glass":7,"minecraft:copper_ore":7,"minecraft:cobblestone":1,"minecraft:diorite":1,"minecraft:wall_torch":2,"minecraft:big_dripleaf":1,"butchersdelight:deadcowblock":1,"minecraft:birch_leaves":7,"minecraft:grass":137,"minecraft:coal_ore":36,"minecraft:gravel":5,"minecraft:sand":67,"minecraft:dirt":16,"minecraft:oak_leaves":20,"minecraft:fern":3},"minecraft:picked_up":{"minecraft:crafting_table":2,"butchersdelightfoods:legcow":1,"minecraft:chicken":4,"biomesoplenty:jacaranda_sapling":10,"minecraft:string":4,"minecraft:raw_copper":24,"biomesoplenty:tall_lavender":1,"butchersdelight:dead_cow":1,"minecraft:furnace":1,"minecraft:egg":5,"minecraft:stick":9,"minecraft:raw_iron":13,"minecraft:big_dripleaf":4,"minecraft:torch":10,"arphex:maggot_grub":1,"minecraft:diorite":2,"minecraft:arrow":3,"butchersdelight:deadsheep":2,"minecraft:rotten_flesh":8,"biomesoplenty:jacaranda_log":86,"alexsmobs:emu_egg":2,"butchersdelightfoods:sheeprack":1,"minecraft:white_wool":14,"minecraft:cobblestone":87,"biomesoplenty:lavender":1,"born_in_chaos_v1:corpse_maggot":10,"minecraft:feather":9,"delightful:animal_fat":3,"minecraft:brown_wool":1,"biomesoplenty:jacaranda_door":1,"alexsmobs:cachalot_whale_tooth":1,"butchersdelight:deadpig":1,"minecraft:oak_log":19,"biomesoplenty:jacaranda_planks":128,"minecraft:dirt":59,"minecraft:white_banner":2,"butchersdelight:deadchiken":4,"minecraft:bone":3,"minecraft:bow":1,"minecraft:wheat_seeds":37,"minecraft:iron_ingot":1,"born_in_chaos_v1:ethereal_spirit":1,"butchersdelight:cow_hide":1,"butchersdelightfoods:porkloin":1,"minecraft:sand":67,"minecraft:white_bed":9,"minecraft:lily_of_the_valley":1,"butchersdelight:sheephide":5,"butchersdelightfoods:sheepshank":1,"minecraft:black_wool":1,"minecraft:coal":36,"biomesoplenty:stripped_jacaranda_log":1},"minecraft:broken":{"minecraft:wooden_shovel":1,"minecraft:stone_pickaxe":1,"minecraft:stone_axe":2},"minecraft:killed_by":{"born_in_chaos_v1:restless_spirit":1,"graveyard:ghoul":1,"born_in_chaos_v1:baby_spider":1,"minecraft:pillager":1,"undead_revamp2:theswarmer":1,"man:managgresive":1,"undead_revamp2:therod":1,"minecraft:skeleton":1,"minecraft:zombie":2},"minecraft:crafted":{"minecraft:oak_planks":76,"minecraft:stone_shovel":1,"delightful:bone_knife":2,"minecraft:cooked_chicken":4,"minecraft:furnace":3,"butchersdelightfoods:cookedsheepshank":1,"decorative_blocks:chandelier":1,"butchersdelightfoods:cooked_leg_cow":1,"minecraft:glass":40,"minecraft:stone_pickaxe":1,"minecraft:chest":2,"sophisticatedbackpacks:backpack":1,"biomesoplenty:jacaranda_planks":84,"minecraft:crafting_table":4,"minecraft:stone_axe":2,"butchersdelightfoods:cookedsheeprack":1,"minecraft:air":0,"minecraft:charcoal":50,"minecraft:shield":1,"minecraft:stick":12,"minecraft:iron_ingot":13,"minecraft:white_bed":2,"minecraft:torch":28,"minecraft:shears":1,"butchersdelightfoods:cookedporkloin":1},"minecraft:killed":{"undead_revamp2:thewolf":1,"undead_revamp2:thehunter":1,"born_in_chaos_v1:restless_spirit":1,"minecraft:spider":2,"minecraft:skeleton":2,"minecraft:drowned":1,"undead_revamp2:the_moonflower":3,"minecraft:creeper":1,"minecraft:sheep":2,"minecraft:pillager":1,"minecraft:zombie":6,"born_in_chaos_v1:corpse_fly":7,"alexsmobs:fly":1,"arphex:fly_festerer":1},"minecraft:dropped":{"minecraft:feather":3,"minecraft:granite":2,"minecraft:diorite":2,"minecraft:brown_wool":1,"gravestone:obituary":7,"minecraft:rotten_flesh":2,"sophisticatedbackpacks:backpack":1,"delightful:bone_knife":1,"delightful:animal_fat":3}},"DataVersion":3465}