{"stats":{"minecraft:custom":{"minecraft:time_since_rest":4799,"minecraft:interact_with_furnace":13,"minecraft:sprint_one_cm":90594,"minecraft:damage_taken":1712,"minecraft:walk_one_cm":151337,"minecraft:mob_kills":5,"minecraft:drop":2,"minecraft:damage_dealt":1113,"minecraft:swim_one_cm":5642,"minecraft:interact_with_crafting_table":4,"minecraft:fly_one_cm":49714,"minecraft:open_chest":5,"minecraft:crouch_one_cm":216,"minecraft:play_time":40983,"minecraft:deaths":6,"minecraft:sneak_time":34,"minecraft:walk_under_water_one_cm":3117,"minecraft:jump":414,"minecraft:walk_on_water_one_cm":1491,"minecraft:time_since_death":4733,"minecraft:total_world_time":40983,"minecraft:climb_one_cm":188,"minecraft:fall_one_cm":15190},"minecraft:used":{"born_in_chaos_v1:corpse_maggot":1,"minecraft:stone_sword":21,"minecraft:stone_pickaxe":18,"minecraft:chest":1,"delightful:bone_knife":6,"minecraft:rotten_flesh":4,"butchersdelightfoods:cooked_leg_cow":1,"minecraft:stone_axe":73,"minecraft:torch":1,"minecraft:white_banner":1,"biomesoplenty:jacaranda_planks":1},"minecraft:mined":{"biomesoplenty:jacaranda_leaves":7,"biomesoplenty:jacaranda_log":57,"biomesoplenty:tall_lavender":1,"butchersdelight:deadcowblock":1,"minecraft:lily_of_the_valley":1,"biomesoplenty:jacaranda_planks":1,"biomesoplenty:lavender":1,"minecraft:birch_leaves":6,"minecraft:grass":9,"minecraft:torch":1,"gravestone:gravestone":3,"minecraft:grass_block":2,"biomesoplenty:flowering_oak_leaves":2,"minecraft:tall_grass":2,"minecraft:stone":18,"minecraft:oak_leaves":10},"minecraft:picked_up":{"biomesoplenty:lavender":1,"born_in_chaos_v1:corpse_maggot":1,"butchersdelightfoods:legcow":1,"minecraft:torch":1,"born_in_chaos_v1:ethereal_spirit":1,"butchersdelight:cow_hide":1,"minecraft:lily_of_the_valley":1,"biomesoplenty:jacaranda_planks":1,"biomesoplenty:tall_lavender":1,"butchersdelight:deadchiken":1,"minecraft:dirt":2,"minecraft:white_banner":1,"minecraft:bone":1,"butchersdelight:dead_cow":1,"biomesoplenty:jacaranda_log":55,"minecraft:wheat_seeds":2,"minecraft:cobblestone":18,"minecraft:egg":3},"minecraft:broken":{"minecraft:stone_axe":1},"minecraft:crafted":{"minecraft:charcoal":29,"delightful:bone_knife":1,"minecraft:stick":4,"minecraft:chest":1,"butchersdelightfoods:cooked_leg_cow":1,"minecraft:air":0},"minecraft:killed":{"minecraft:pillager":1,"born_in_chaos_v1:restless_spirit":1,"born_in_chaos_v1:corpse_fly":1,"undead_revamp2:the_moonflower":1,"alexsmobs:fly":1},"minecraft:killed_by":{"man:managgresive":1,"undead_revamp2:therod":1,"born_in_chaos_v1:restless_spirit":1,"graveyard:ghoul":1,"minecraft:zombie":1,"minecraft:pillager":1},"minecraft:dropped":{"gravestone:obituary":2}},"DataVersion":3465}