{"stats":{"minecraft:custom":{"minecraft:time_since_rest":4653,"minecraft:interact_with_furnace":4,"minecraft:sprint_one_cm":125821,"minecraft:damage_taken":1067,"minecraft:walk_one_cm":181346,"minecraft:mob_kills":7,"minecraft:drop":2,"minecraft:damage_dealt":1399,"minecraft:swim_one_cm":3383,"minecraft:interact_with_crafting_table":5,"minecraft:fly_one_cm":111588,"minecraft:crouch_one_cm":12619,"minecraft:play_time":69535,"minecraft:deaths":4,"minecraft:sneak_time":4220,"minecraft:walk_under_water_one_cm":1349,"minecraft:jump":665,"minecraft:leave_game":10,"minecraft:walk_on_water_one_cm":2205,"minecraft:time_since_death":4571,"minecraft:total_world_time":69535,"minecraft:fall_one_cm":29782},"minecraft:used":{"minecraft:wooden_axe":48,"minecraft:stone_sword":12,"minecraft:birch_planks":9,"minecraft:wooden_pickaxe":32,"minecraft:wooden_shovel":32,"minecraft:cooked_chicken":1,"minecraft:torch":8,"minecraft:sand":1,"minecraft:dirt":9,"minecraft:crafting_table":3,"minecraft:furnace":1,"minecraft:birch_log":1,"biomesoplenty:jacaranda_planks":53},"minecraft:mined":{"minecraft:birch_planks":2,"biomesoplenty:jacaranda_log":19,"minecraft:birch_log":4,"biomesoplenty:jacaranda_planks":1,"minecraft:birch_leaves":21,"gravestone:gravestone":1,"minecraft:crafting_table":2,"minecraft:torch":2,"butchersdelight:deadsheepblock":1,"minecraft:granite":2,"minecraft:grass":24,"minecraft:coal_ore":2,"minecraft:grass_block":5,"minecraft:oak_log":2,"minecraft:sand":25,"minecraft:dirt":9,"minecraft:stone":16,"butchersdelight:deadchickenblock":1,"minecraft:oak_leaves":17,"minecraft:wall_torch":2},"minecraft:picked_up":{"minecraft:birch_log":4,"minecraft:feather":1,"minecraft:stick":2,"minecraft:crafting_table":2,"minecraft:chicken":1,"minecraft:torch":4,"minecraft:birch_planks":2,"minecraft:sand":25,"minecraft:oak_log":2,"biomesoplenty:jacaranda_planks":3,"minecraft:dirt":14,"butchersdelight:deadchiken":1,"butchersdelight:deadsheep":2,"minecraft:rotten_flesh":12,"biomesoplenty:jacaranda_log":19,"minecraft:wheat_seeds":4,"minecraft:granite":2,"minecraft:black_wool":1,"minecraft:coal":2,"minecraft:cobblestone":16},"minecraft:broken":{"minecraft:wooden_axe":1},"minecraft:crafted":{"minecraft:oak_planks":8,"minecraft:wooden_shovel":1,"biomesoplenty:jacaranda_planks":76,"minecraft:crafting_table":2,"minecraft:stick":12,"minecraft:wooden_axe":1,"minecraft:wooden_pickaxe":1,"minecraft:cooked_chicken":1,"minecraft:stone_sword":1,"minecraft:furnace":1,"minecraft:torch":4,"minecraft:birch_planks":12,"minecraft:air":0},"minecraft:killed_by":{"man:managgresive":1,"apollyon:the_damned":1},"minecraft:killed":{"minecraft:sheep":1,"minecraft:zombie":1,"undead_revamp2:the_moonflower":4,"born_in_chaos_v1:decrepit_skeleton":1},"minecraft:dropped":{"biomesoplenty:jacaranda_planks":2}},"DataVersion":3465}