{"stats":{"minecraft:custom":{"minecraft:jump":17,"minecraft:time_since_rest":2599,"minecraft:damage_dealt":90,"minecraft:sprint_one_cm":5659,"minecraft:leave_game":1,"minecraft:play_time":2599,"minecraft:time_since_death":2599,"minecraft:walk_one_cm":10465,"minecraft:total_world_time":2599,"minecraft:mob_kills":1,"minecraft:fall_one_cm":418,"minecraft:fly_one_cm":1371},"minecraft:used":{"minecraft:birch_log":1},"minecraft:crafted":{"minecraft:birch_planks":4},"minecraft:picked_up":{"minecraft:oak_log":2,"butchersdelight:deadsheep":2,"minecraft:black_wool":1,"minecraft:birch_log":2},"minecraft:mined":{"minecraft:birch_log":2,"minecraft:oak_log":2,"butchersdelight:deadsheepblock":1},"minecraft:killed":{"minecraft:sheep":1}},"DataVersion":3465}