{"stats":{"minecraft:custom":{"minecraft:time_since_rest":5016,"minecraft:crouch_one_cm":880,"minecraft:deaths":3,"minecraft:play_time":20504,"minecraft:sprint_one_cm":67857,"minecraft:damage_taken":755,"minecraft:walk_one_cm":57339,"minecraft:sneak_time":392,"minecraft:mob_kills":1,"minecraft:jump":362,"minecraft:damage_dealt":121,"minecraft:leave_game":3,"minecraft:time_since_death":4985,"minecraft:total_world_time":20504,"minecraft:fall_one_cm":20453,"minecraft:fly_one_cm":69473},"minecraft:used":{"minecraft:birch_planks":4,"minecraft:birch_log":1},"minecraft:mined":{"minecraft:oak_log":2,"minecraft:birch_log":2,"minecraft:birch_leaves":15,"minecraft:oak_leaves":17,"butchersdelight:deadsheepblock":1},"minecraft:picked_up":{"minecraft:birch_log":2,"minecraft:stick":2,"butchersdelight:deadsheep":2,"minecraft:oak_log":2,"minecraft:black_wool":1},"minecraft:killed_by":{"apollyon:the_damned":1},"minecraft:crafted":{"minecraft:oak_planks":8,"minecraft:birch_planks":4},"minecraft:killed":{"minecraft:sheep":1}},"DataVersion":3465}