{"stats":{"minecraft:used":{"minecraft:stone_sword":12,"minecraft:birch_planks":9,"minecraft:wooden_pickaxe":50,"minecraft:wooden_shovel":32,"minecraft:cooked_chicken":1,"minecraft:torch":10,"minecraft:dirt":11,"minecraft:sand":1,"minecraft:crafting_table":3,"biomesoplenty:jacaranda_planks":107,"minecraft:glass":6,"minecraft:wooden_axe":48,"minecraft:stone_axe":80,"minecraft:furnace":1,"minecraft:birch_log":1},"minecraft:broken":{"minecraft:wooden_axe":1},"minecraft:custom":{"minecraft:interact_with_furnace":8,"minecraft:mob_kills":12,"minecraft:interact_with_crafting_table":6,"minecraft:leave_game":11,"minecraft:time_since_death":18664,"minecraft:time_since_rest":18746,"minecraft:sprint_one_cm":130261,"minecraft:damage_taken":1127,"minecraft:walk_one_cm":224647,"minecraft:drop":2,"minecraft:damage_dealt":2069,"minecraft:swim_one_cm":3383,"minecraft:fly_one_cm":113760,"minecraft:crouch_one_cm":14276,"minecraft:play_time":83628,"minecraft:deaths":4,"minecraft:sneak_time":4483,"minecraft:walk_under_water_one_cm":1349,"minecraft:jump":721,"minecraft:walk_on_water_one_cm":3194,"minecraft:total_world_time":83628,"minecraft:fall_one_cm":31125},"minecraft:picked_up":{"minecraft:birch_log":4,"minecraft:crafting_table":2,"minecraft:feather":2,"minecraft:chicken":2,"minecraft:birch_planks":2,"minecraft:oak_log":2,"biomesoplenty:jacaranda_planks":18,"minecraft:dirt":16,"butchersdelight:deadchiken":2,"undead_revamp2:blacpetalblock":1,"minecraft:wheat_seeds":6,"minecraft:stick":2,"minecraft:torch":6,"minecraft:sand":25,"butchersdelight:deadsheep":2,"minecraft:rotten_flesh":12,"biomesoplenty:jacaranda_log":61,"minecraft:granite":2,"minecraft:black_wool":1,"minecraft:coal":2,"minecraft:cobblestone":33},"minecraft:killed":{"undead_revamp2:the_moonflower":7,"minecraft:spider":1,"born_in_chaos_v1:decrepit_skeleton":1,"minecraft:sheep":1,"minecraft:zombie":1,"alexsmobs:fly":1},"minecraft:killed_by":{"man:managgresive":1,"apollyon:the_damned":1},"minecraft:mined":{"biomesoplenty:jacaranda_planks":16,"minecraft:granite":2,"minecraft:crafting_table":2,"minecraft:torch":4,"butchersdelight:deadsheepblock":1,"gravestone:gravestone":1,"minecraft:grass_block":6,"minecraft:tall_grass":3,"butchersdelight:deadchickenblock":2,"minecraft:wall_torch":2,"minecraft:birch_planks":2,"biomesoplenty:jacaranda_log":62,"minecraft:birch_log":4,"minecraft:birch_leaves":21,"minecraft:grass":40,"minecraft:coal_ore":2,"minecraft:oak_log":2,"minecraft:sand":25,"minecraft:dirt":10,"minecraft:stone":33,"minecraft:oak_leaves":17},"minecraft:dropped":{"biomesoplenty:jacaranda_planks":2},"minecraft:crafted":{"minecraft:oak_planks":8,"minecraft:wooden_shovel":1,"biomesoplenty:jacaranda_planks":244,"minecraft:crafting_table":2,"minecraft:wooden_pickaxe":1,"minecraft:cooked_chicken":1,"minecraft:furnace":1,"minecraft:birch_planks":12,"minecraft:stone_axe":1,"minecraft:air":0,"minecraft:glass":6,"minecraft:stick":12,"minecraft:wooden_axe":1,"minecraft:stone_sword":1,"minecraft:torch":4}},"DataVersion":3465}