{"stats":{"minecraft:used":{"biomesoplenty:jacaranda_door":1,"minecraft:stone_sword":12,"minecraft:birch_planks":9,"minecraft:wooden_pickaxe":50,"minecraft:wooden_shovel":32,"minecraft:cooked_chicken":1,"minecraft:torch":10,"minecraft:dirt":11,"minecraft:sand":1,"minecraft:crafting_table":3,"biomesoplenty:jacaranda_planks":143,"minecraft:glass":6,"minecraft:wooden_axe":48,"minecraft:stone_axe":129,"minecraft:furnace":1,"minecraft:birch_log":1},"minecraft:broken":{"minecraft:stone_axe":1,"minecraft:wooden_axe":1},"minecraft:custom":{"minecraft:interact_with_furnace":8,"minecraft:mob_kills":12,"minecraft:interact_with_crafting_table":8,"minecraft:leave_game":11,"minecraft:time_since_death":30664,"minecraft:time_since_rest":30746,"minecraft:sprint_one_cm":146362,"minecraft:damage_taken":1197,"minecraft:walk_one_cm":256965,"minecraft:drop":2,"minecraft:damage_dealt":2109,"minecraft:swim_one_cm":4376,"minecraft:fly_one_cm":125384,"minecraft:crouch_one_cm":15528,"minecraft:play_time":95628,"minecraft:deaths":4,"minecraft:sneak_time":4740,"minecraft:walk_under_water_one_cm":1533,"minecraft:jump":804,"minecraft:walk_on_water_one_cm":3530,"minecraft:total_world_time":95628,"minecraft:fall_one_cm":32292},"minecraft:picked_up":{"minecraft:birch_log":4,"minecraft:crafting_table":3,"minecraft:feather":2,"minecraft:chicken":2,"born_in_chaos_v1:river_mint":1,"minecraft:birch_planks":4,"minecraft:oak_log":6,"biomesoplenty:jacaranda_planks":46,"minecraft:dirt":18,"butchersdelight:deadchiken":3,"butchersdelight:dead_cow":3,"undead_revamp2:blacpetalblock":1,"minecraft:wheat_seeds":6,"minecraft:sugar_cane":10,"minecraft:stick":2,"minecraft:torch":7,"minecraft:sand":25,"butchersdelight:deadsheep":2,"minecraft:rotten_flesh":12,"biomesoplenty:jacaranda_log":64,"minecraft:granite":2,"minecraft:black_wool":1,"minecraft:coal":2,"minecraft:cobblestone":33},"minecraft:killed":{"undead_revamp2:the_moonflower":7,"minecraft:spider":1,"born_in_chaos_v1:decrepit_skeleton":1,"minecraft:sheep":1,"minecraft:zombie":1,"alexsmobs:fly":1},"minecraft:killed_by":{"man:managgresive":1,"apollyon:the_damned":1},"minecraft:mined":{"biomesoplenty:jacaranda_planks":44,"minecraft:granite":2,"minecraft:crafting_table":3,"minecraft:torch":4,"butchersdelight:deadsheepblock":1,"gravestone:gravestone":1,"minecraft:grass_block":6,"minecraft:tall_grass":3,"minecraft:sugar_cane":3,"butchersdelight:deadchickenblock":2,"minecraft:wall_torch":2,"minecraft:birch_planks":5,"biomesoplenty:jacaranda_log":65,"butchersdelight:deadcowblock":2,"minecraft:birch_log":4,"minecraft:birch_leaves":21,"born_in_chaos_v1:river_mint":1,"minecraft:grass":41,"minecraft:coal_ore":2,"minecraft:oak_log":6,"minecraft:sand":25,"minecraft:dirt":12,"minecraft:stone":33,"minecraft:oak_leaves":18},"minecraft:dropped":{"biomesoplenty:jacaranda_planks":2},"minecraft:crafted":{"minecraft:oak_planks":8,"minecraft:wooden_shovel":1,"biomesoplenty:jacaranda_planks":256,"minecraft:crafting_table":2,"minecraft:wooden_pickaxe":1,"minecraft:cooked_chicken":1,"minecraft:furnace":1,"minecraft:birch_planks":12,"minecraft:stone_axe":2,"minecraft:air":0,"minecraft:glass":6,"minecraft:stick":12,"minecraft:wooden_axe":1,"minecraft:stone_sword":1,"biomesoplenty:jacaranda_door":3,"minecraft:torch":4}},"DataVersion":3465}