{"stats":{"minecraft:custom":{"minecraft:time_since_rest":17016,"minecraft:crouch_one_cm":1200,"minecraft:deaths":3,"minecraft:play_time":32504,"minecraft:sprint_one_cm":97667,"minecraft:damage_taken":790,"minecraft:walk_one_cm":85229,"minecraft:sneak_time":433,"minecraft:walk_under_water_one_cm":182,"minecraft:mob_kills":1,"minecraft:jump":472,"minecraft:damage_dealt":131,"minecraft:walk_on_water_one_cm":87,"minecraft:leave_game":3,"minecraft:time_since_death":16985,"minecraft:total_world_time":32504,"minecraft:swim_one_cm":914,"minecraft:fall_one_cm":24306,"minecraft:fly_one_cm":89123},"minecraft:used":{"minecraft:birch_planks":4,"minecraft:birch_log":1},"minecraft:mined":{"minecraft:oak_log":2,"minecraft:birch_log":4,"minecraft:birch_leaves":20,"minecraft:oak_leaves":17,"butchersdelight:deadsheepblock":1},"minecraft:picked_up":{"minecraft:birch_log":4,"minecraft:stick":2,"butchersdelight:deadsheep":2,"minecraft:oak_log":2,"minecraft:black_wool":1},"minecraft:killed_by":{"apollyon:the_damned":1},"minecraft:crafted":{"minecraft:oak_planks":8,"minecraft:birch_planks":8,"minecraft:crafting_table":1},"minecraft:killed":{"minecraft:sheep":1}},"DataVersion":3465}