{"stats":{"minecraft:used":{"biomesoplenty:jacaranda_door":1,"minecraft:stone_sword":31,"minecraft:birch_planks":9,"minecraft:stone_pickaxe":1,"minecraft:chest":1,"minecraft:wooden_pickaxe":50,"minecraft:wooden_shovel":32,"minecraft:cooked_chicken":3,"minecraft:torch":10,"minecraft:dirt":11,"minecraft:sand":1,"minecraft:crafting_table":5,"biomesoplenty:jacaranda_planks":148,"born_in_chaos_v1:corpse_maggot":3,"minecraft:glass":6,"minecraft:wooden_axe":48,"born_in_chaos_v1:monster_flesh":2,"minecraft:stone_axe":166,"minecraft:furnace":2,"minecraft:birch_log":1},"minecraft:broken":{"minecraft:stone_axe":1,"minecraft:wooden_axe":1},"minecraft:custom":{"minecraft:interact_with_furnace":19,"minecraft:mob_kills":17,"minecraft:interact_with_crafting_table":11,"minecraft:leave_game":12,"minecraft:time_since_death":53487,"minecraft:time_since_rest":53569,"minecraft:sprint_one_cm":149914,"minecraft:damage_taken":1359,"minecraft:walk_one_cm":319286,"minecraft:drop":2,"minecraft:damage_dealt":4332,"minecraft:swim_one_cm":4376,"minecraft:fly_one_cm":126613,"minecraft:open_chest":2,"minecraft:crouch_one_cm":17745,"minecraft:play_time":118451,"minecraft:deaths":4,"minecraft:sneak_time":6267,"minecraft:walk_under_water_one_cm":1533,"minecraft:jump":876,"minecraft:walk_on_water_one_cm":3530,"minecraft:total_world_time":118451,"minecraft:fall_one_cm":34693},"minecraft:picked_up":{"minecraft:birch_log":4,"born_in_chaos_v1:corpse_maggot":3,"minecraft:charcoal":4,"minecraft:crafting_table":3,"minecraft:feather":3,"born_in_chaos_v1:monster_flesh":2,"minecraft:chicken":3,"born_in_chaos_v1:river_mint":1,"minecraft:birch_planks":4,"minecraft:oak_log":6,"biomesoplenty:jacaranda_planks":46,"born_in_chaos_v1:nightmare_stalker_skull":1,"minecraft:dirt":18,"butchersdelight:deadchiken":3,"butchersdelight:dead_cow":3,"undead_revamp2:blacpetalblock":1,"minecraft:wheat_seeds":6,"minecraft:sugar_cane":10,"minecraft:furnace":1,"minecraft:stick":2,"born_in_chaos_v1:ethereal_spirit":1,"minecraft:torch":7,"born_in_chaos_v1:flaming_evil_pumpkin":1,"minecraft:sand":25,"born_in_chaos_v1:nightmare_claw":1,"butchersdelight:deadsheep":2,"minecraft:rotten_flesh":12,"born_in_chaos_v1:fire_dust":3,"biomesoplenty:jacaranda_log":65,"minecraft:granite":2,"minecraft:black_wool":1,"minecraft:coal":2,"minecraft:cobblestone":33},"minecraft:killed":{"undead_revamp2:the_moonflower":7,"minecraft:spider":1,"born_in_chaos_v1:decrepit_skeleton":2,"minecraft:sheep":1,"minecraft:zombie":2,"born_in_chaos_v1:corpse_fly":2,"born_in_chaos_v1:nightmare_stalker":1,"alexsmobs:fly":1},"minecraft:killed_by":{"man:managgresive":1,"apollyon:the_damned":1},"minecraft:mined":{"biomesoplenty:jacaranda_planks":44,"minecraft:granite":2,"minecraft:crafting_table":3,"minecraft:torch":4,"butchersdelight:deadsheepblock":1,"gravestone:gravestone":1,"minecraft:grass_block":6,"minecraft:tall_grass":3,"minecraft:sugar_cane":3,"butchersdelight:deadchickenblock":3,"minecraft:wall_torch":2,"minecraft:birch_planks":5,"biomesoplenty:jacaranda_log":67,"minecraft:furnace":1,"butchersdelight:deadcowblock":2,"minecraft:birch_log":4,"minecraft:birch_leaves":21,"born_in_chaos_v1:river_mint":1,"minecraft:grass":47,"minecraft:coal_ore":2,"minecraft:oak_log":6,"minecraft:sand":25,"minecraft:dirt":12,"minecraft:stone":33,"minecraft:oak_leaves":18},"minecraft:dropped":{"biomesoplenty:jacaranda_planks":2},"minecraft:crafted":{"minecraft:oak_planks":24,"minecraft:wooden_shovel":1,"biomesoplenty:jacaranda_planks":256,"minecraft:crafting_table":2,"minecraft:wooden_pickaxe":1,"minecraft:cooked_chicken":3,"minecraft:furnace":1,"minecraft:birch_planks":12,"minecraft:stone_axe":2,"minecraft:air":0,"minecraft:glass":22,"minecraft:stick":20,"minecraft:stone_pickaxe":1,"minecraft:wooden_axe":1,"minecraft:chest":1,"minecraft:stone_sword":1,"biomesoplenty:jacaranda_door":3,"minecraft:torch":4}},"DataVersion":3465}